titulo,url
Publicar,https://www.revolico.com/item/publish
"8.200 USD Apartamento MUY LUMINOSO (pasillo NO EDIFICIO)en bajos  muy cerca de la intersección de 100 y 51, Marianao",https://www.revolico.com/item/precioso-apartamento-en-marianao-100-y-51-56123602?p
70.000 USD Casa en venta en el Reparto Náutico!!,https://www.revolico.com/item/casa-en-venta-en-el-reparto-nautico-a-40m-de-la-playa-56176360?p
45.000 USD Apartamento en el Vedado,https://www.revolico.com/item/apartamento-en-venta-56318726?p
25.000 USD Venta apto 2/4 en Santo Suárez municipio 10 octubre,https://www.revolico.com/item/venta-apto-24-en-santo-suarez-municipio-10-octubre-57317211?p
"26.000 USD En oferta! Apto 3 cuartos en Nuevo Vedado, primer piso, 71 m2, perfecto estado, gas calle, telef, zona céntrica",https://www.revolico.com/item/apto-3-cuartos-en-nuevo-vedado-primer-piso-71-m2-perfecto-estado-gas-calle-telef-zona-centrica-57183888?p
80.000 USD Apartamento con garaje en el vedado ( Consejo Popular Rampa ),https://www.revolico.com/item/venta-de-apartamento-con-garage-en-el-vedado-rampa-57633758?p
"75.000 USD Vendo casa en 1er piso de biplanta en el Vedado, zona alta, 2 terrazas",https://www.revolico.com/item/vendo-casa-en-1er-piso-de-biplanta-en-el-vedado-zona-alta-2-terrazas-57128833?p
90.000 USD Apto en zona turistica de la Habana Vieja-2do nivel-71 m²-construido 1946-edificio y propiedad en perfecto estado,https://www.revolico.com/item/apto-en-habana-vieja-57720791?p
600.000 USD Se vende hermosa casa colonial Con 8 habitaciones extras para alquilar!,https://www.revolico.com/item/se-vende-hermosa-casa-colonial-43381124?p
Venta de apart o cambio con un vuelto $ por algo más grande,https://www.revolico.com/item/venta-de-apart-o-cambio-con-un-vuelto-por-algo-mas-grande-57719762?p
270.000 USD Venta casa independiente en Nuevo Vedado.,https://www.revolico.com/item/venta-casa-independiente-en-nuevo-vedado-56198385
17.000 USD APARTAMENTO EN CENTRO HABANA,https://www.revolico.com/item/apartamento-en-centro-habana-56867516
40 USD Casa en Centro Habana NEGOCIABLE,https://www.revolico.com/item/casa-independiente-56221733?p
17.000 USD APARTAMENTO EN CENTRO HABANA,https://www.revolico.com/item/apartamento-en-centro-habana-56867515
13.000 USD APARTAMENTO EN CENTRO HABANA,https://www.revolico.com/item/apartamento-en-centro-habana-56867492
13.000 USD APARTAMENTO EN CENTRO HABANA,https://www.revolico.com/item/apartamento-en-centro-habana-56867491
21.000 USD Vendo apto 2 hab en vedado todo incluido,https://www.revolico.com/item/vendo-apto-2-hab-en-vedado-todo-incluido-57090034?p
5.000 USD Calzada del cerro,https://www.revolico.com/item/calzada-del-cerro-57759587
40.000 USD 🔴Lo mejor de la Habana vieja 🔴,https://www.revolico.com/item/lo-mejor-de-la-habana-vieja-57759493
2.800 USD Apartamento en Mantilla,https://www.revolico.com/item/se-vende-casa-en-mantilla-57214504
8.000 USD Casa 2do piso Poey Arroyo Naranjo,https://www.revolico.com/item/casa-en-poey-arroyo-naranjo-51436263
8.000 USD Casa en Poey Arroyo Naranjo,https://www.revolico.com/item/casa-en-poey-arroyo-naranjo-53926547
5.000 USD Venta de casa,https://www.revolico.com/item/venta-de-casa-57759336
2.500 USD 🏠 OFERTA  SE VENDE APARTAMENTO EN SAN MIGUEL DEL PADRÓN – REPARTO ROCAFOLL,https://www.revolico.com/item/se-vende-apartamento-en-san-miguel-del-padron-reparto-rocafoll-57472498
"18.000 USD Casa en el Reparto marti, Cerro, colindante al Casino Deportivo",https://www.revolico.com/item/casa-en-el-reparto-marti-50041888
🚨 ‼️ 👀 👉 GRAN OFERTA👈 👀 ‼️ 🚨 👉  REBAJA DE VENTA DE CASA DE 5 CUARTOS DE PUNTAL DE 5 METROS DE ALTURA👈 👀 ‼️ 🚨,https://www.revolico.com/item/oferta-de-rebaja-venta-de-casa-colonial-de-5-cuartos-57180186
"SE VENDE CASA de 1 habitación (Casa puerta de calle puntal alto, techo placa libre, teléfono fijo, gas de la calle, etc)",https://www.revolico.com/item/se-vende-casa-de-1-habitacion-casa-puerta-de-calle-puntal-alto-techo-placa-libre-telefono-fijo-gas-de-la-calle-etc-57180053
14.000 USD Vendo Apartamento en Centro Habana,https://www.revolico.com/item/vendo-apartamento-en-centro-habana-57493832
22.000 USD 🏠APARTMAENTO INTERIOR EN EL VEDADO🏠,https://www.revolico.com/item/apartmaento-interior-en-el-vedado-57758848
45.000 USD SE VENDE o permuta APTO EXCLUSIVO en CORAZON de VEDADO!,https://www.revolico.com/item/se-vende-o-permuta-apto-exclusivo-en-corazon-de-vedado-51237591
80.000 USD Casa independiente en Buena Vista,https://www.revolico.com/item/casa-independiente-en-buena-vista-56873372
50.000 USD Casa semi-independiente,https://www.revolico.com/item/casa-semi-independiente-57186579
"85.000 USD Apartamento en propiedad horizontal, 3era y última planta",https://www.revolico.com/item/apartamento-en-propiedad-horizontal-3era-y-ultima-planta-57658748
40.000 USD Casa de dos niveles,https://www.revolico.com/item/casa-de-dos-niveles-57658623
160.000 USD Casa independiente con piscina,https://www.revolico.com/item/casa-independiente-con-piscina-57658534
75.000 USD Altos de un biplanta,https://www.revolico.com/item/altos-de-un-biplanta-57658432
30.000 USD Casa independiente biplanta,https://www.revolico.com/item/casa-independiente-biplanta-57473929
100.000 USD Casa independiente biplanta,https://www.revolico.com/item/casa-independiente-biplanta-57473996
23.000 USD Casa independiente (Dos en Una) en el Rincón,https://www.revolico.com/item/casa-independiente-dos-en-una-57526747
23.000 USD Casa Semi-independiente en bajos,https://www.revolico.com/item/casa-semilla-independiente-en-bajos-57526984
26.000 USD 🏡 *¡OPORTUNIDAD EN EL CERRO!* CASA - APARTAMENTO EN PALATINO  2da y 3ra planta. 2 en una propiedad,https://www.revolico.com/item/oportunidad-en-el-cerro-casa-apartamento-en-palatino-2da-y-3ra-planta-2-en-una-propiedad-57758674
14.500 USD Apartamento Camilo Cienfuegos,https://www.revolico.com/item/apartamento-camilo-cienfuegos-56505699
85.000 USD 🏠 *OPORTUNIDAD ÚNICA: HOGAR + NEGOCIO EN UN SOLO INMUEBLE | CALZADA 10 DE OCTUBRE*,https://www.revolico.com/item/oportunidad-unica-hogar-negocio-en-un-solo-inmueble-calzada-10-de-octubre-57758389
"25.000 USD Vendo 2 casas con patio , reparto Marbella , Guanabo , Habana del Este",https://www.revolico.com/item/vendo-2-casas-con-patio-reparto-marbella-guanabo-habana-del-este-57716567
"105.000 USD SE VENDE POR EL DUEÑO bello apartamento en Vedado ,  25 y J",https://www.revolico.com/item/se-vende-bello-apartamento-en-vedado-25-y-j-52532653
16.000 USD Venta de Apartamento en Centro Habana (La victoria ),https://www.revolico.com/item/venta-de-apartamento-en-centro-habana-la-victoria-57625733
40.000 USD Casa en La Habana Vieja,https://www.revolico.com/item/casa-en-la-habana-vieja-57758281
16.000 USD Venta de Apartamento en Centro Habana (San Leopoldo),https://www.revolico.com/item/venta-de-apartamento-en-centro-habana-san-leopoldo-57625766
20.000 USD Se vende o se permuta,https://www.revolico.com/item/se-vende-o-se-permuta-57758117
19.000 USD Venta de Apartamento en Centro Habana (cayó hueso),https://www.revolico.com/item/venta-de-apartamento-en-centro-habana-cayo-hueso-57625799
19.000 USD Venta de Apartamento en Centro Habana (cayó hueso),https://www.revolico.com/item/venta-de-apartamento-en-centro-habana-cayo-hueso-57625797
7.000 USD Apartamento primer piso planta baja en Alamar,https://www.revolico.com/item/apartamento-primer-piso-planta-baja-en-alamar-57758032
5.000 USD Se vende o se permuta casa biplanta en mariano,https://www.revolico.com/item/se-vende-o-se-permuta-casa-biplanta-en-mariano-57757955
100.000 USD Casa independiente de 2 plantas en playa,https://www.revolico.com/item/casa-independiente-de-2-plantas-en-playa-57349094
4 CUP Herrero 77661394 - 53882209,https://www.revolico.com/item/herrero-77661394-53882209-56451982
"7 USD Apartamento en Venta en Los Pinos, Arroyo",https://www.revolico.com/item/apartamento-en-venta-en-los-pinos-arroyo-57281811
70.000 USD VENTA DE CASA GRANDE EN LA HABANA,https://www.revolico.com/item/venta-de-casa-grande-en-la-habana-57757762
"75.000 USD Casa independiente, 3 pisos, para familia numerosa y negocio.",https://www.revolico.com/item/casa-individual-3-pisos-para-familia-numerosa-y-negocio-54671886
11.500 USD ¡¡OPORTUNIDAD ÚNICA EN CENTRO HABANA!!,https://www.revolico.com/item/oportunidad-unica-en-centro-habana-56333488
5.000 USD Casa en venta,https://www.revolico.com/item/casa-en-venta-57572734
3.500 USD SE VENDE UN CUARTO EN SOLAR EN SAN RAFAEL Y INFANTA BUENA ZONA 55390779,https://www.revolico.com/item/se-vende-un-cuarto-en-solar-en-san-rafael-iy-infanta-buena-zona-55390779-56137143
26.000 USD ‼️¡SE VENDE APARTAMENTO EN EL VEDADO! BALCÓN A LA CALLE‼️,https://www.revolico.com/item/se-vende-apartamento-en-el-vedado-balcon-a-la-calle-57757542
14.000 USD Casa,https://www.revolico.com/item/casa-57757488
20.000 USD Venta de casa en Centro Habana,https://www.revolico.com/item/venta-de-casa-en-centro-habana-57579912
45.000 USD ¡JOYA EN SANTA FE PLAYA!,https://www.revolico.com/item/joya-en-santa-fe-playa-57714161
25.000 USD 🏢 *APARTAMENTO EN PRIMER PISO – CENTRO HABANA. PUEBLO NUEVO* 🏢,https://www.revolico.com/item/apartamento-en-primer-piso-centro-habana-pueblo-nuevo-57700264
39.000 USD Venta de apartamento en el Vedado,https://www.revolico.com/item/venta-de-apartamento-en-el-vedado-57519841
9.000 USD Apartamento en Centro Habana,https://www.revolico.com/item/apartamento-en-centro-habana-57570136
10.000 USD Venta de Casa en Centro Habana,https://www.revolico.com/item/venta-de-casa-en-centro-habana-57519935
10.000 USD Venta de Casa en Centro Habana,https://www.revolico.com/item/venta-de-casa-en-centro-habana-57519934
85.000 USD APARTAMENTO EN VENTA EN LA HABANA VIEJA,https://www.revolico.com/item/apartamento-en-venta-en-la-habana-vieja-57757402
10.000 USD Apartamento en Sevillano,https://www.revolico.com/item/apartamento-en-sevillano-57531862
"SE VENDE CASA DE 6 HABITACIONES EN MARIANAO. DE DOS PLANTAS. 53886944, 53880216",https://www.revolico.com/item/se-vende-casa-de-6-habitaciones-en-marianao-de-dos-plantas-53886944-53255033
6.300 USD SE VENDE APARTAMENTO DE UNA HABITACIÓN EN CENTRO HABANA POR LA TIENDA DE CARLOS III.53880216,https://www.revolico.com/item/se-vende-apartamento-de-una-habitacion-en-centro-habana-por-la-tienda-de-carlos-iii52731779-56544552
16.000 USD Casa en playa por ave 23,https://www.revolico.com/item/casa-en-playa-por-ave-23-57757085
15.000 USD Casa en playa,https://www.revolico.com/item/casa-en-playa-57757022
12.000 USD ‼️‼️NUNCA PIERDA LA OPORTUNIDAD DE COMPRAR UN EXCELENTE APARTAMENTO ‼️‼️,https://www.revolico.com/item/vendo-2-apartamentos-en-centro-habana-con-excelentes-condiciones-para-llegar-y-vivir-51386064
"10.000 USD ‼️‼️ VENDO APARTAMENTO EN CENTRO HABANA, LLEGAR Y VIVIR 52898753‼️‼️",https://www.revolico.com/item/no-pierda-la-oportunidad-de-comprar-un-excelente-apartamento-con-todo-el-inmobiliario-necesario-52898753-51332021
Apartamento Duplex en Miramar 5 cuartos garage,https://www.revolico.com/item/apartamento-duplex-en-miramar-5-cuartos-garage-54904993
6.000 USD Se vende casa en Centro Hab. Dos cuartos y azotea libre!,https://www.revolico.com/item/se-vende-casa-en-centro-hab-dos-cuartos-y-azotea-libre-54464353
5.000 USD Casa en mantilla,https://www.revolico.com/item/casa-en-mantilla-57756700
7.500 USD Venta de apartamento,https://www.revolico.com/item/venta-de-apartamento-57756665
7.500 USD Venta de apartamento,https://www.revolico.com/item/venta-de-apartamento-57756664
"7,5 USD Se vende casa",https://www.revolico.com/item/se-vende-casa-57756525
Detalles en la imagen,https://www.revolico.com/item/detalles-en-la-imagen-56534704
25.000 USD Penthouse frente al capitolio,https://www.revolico.com/item/apartamento-tipo-penthouse-con-terrazas-frente-al-capitolio-56065988
15.000 USD Se vende casa,https://www.revolico.com/item/se-vende-casa-57756369
"13.500 USD REBAJA CASA EN VILLANUEVA, Santiago de las vegas",https://www.revolico.com/item/rebaja-casa-en-villanueva-santiago-de-las-vegas-57756361
6.000 USD Se vende o permuta,https://www.revolico.com/item/se-vende-o-permuta-56517840
40.000 USD Cerca de la iglesia de las Mercedes📍Habana vieja📍,https://www.revolico.com/item/cerca-de-la-iglesia-de-las-mercedeshabana-vieja-57756215
40.000 USD Casa,https://www.revolico.com/item/casa-57756188
10.500 USD Apartamento en bajo Marianao,https://www.revolico.com/item/apartamento-en-bajo-marianao-57756135
27.000 USD VENDO APARTAMENTO,https://www.revolico.com/item/vendo-apartamento-57185033
37.000 USD Casa independiente con dos apartamentos incluidos. Chalet americano.,https://www.revolico.com/item/casa-de-dos-cuartos-con-dos-apartamentos-incluidos-chalet-americano-56869740
10.000 USD Casa en Centro Habana,https://www.revolico.com/item/casa-en-centro-habana-57551929
28 USD pistola de soldar manos libres con accesorios,https://www.revolico.com/item/pistola-de-soldar-manos-libres-con-accesorios-49119116
Vendo casa grande totalmente independientes en reparto Santos Suárez,https://www.revolico.com/item/vendo-casa-grande-totalmente-independientes-en-reparto-santos-suarez-56360375
8.500 USD Casa en venta en Guanabacoa,https://www.revolico.com/item/casa-en-venta-en-guanabacoa-57755606
12.500 USD SE VENDE CASA EN ARROYO NARANJO Vivienda en usufructo (en proceso de cambio de concepto a Propiedad.,https://www.revolico.com/item/se-vende-casa-en-arroyo-naranjo-vivienda-en-usufructo-en-proceso-de-cambio-de-concepto-a-propiedad-57173644
15.000 USD Casa en venta,https://www.revolico.com/item/casa-en-venta-57488954
17.000 USD Casa Puerta_calle En Santa Amalia,https://www.revolico.com/item/casa-puerta-calle-en-santa-amalia-57218009
"17.500 USD Venta de Casa puerta de Calle,con uofo adentro, en Centro Habana,Calle Jesús María ar",https://www.revolico.com/item/venta-de-casa-puerta-de-callecon-uofo-adentro-en-centro-habanacalle-jesus-maria-ar-57755400
5.000 USD Casa En Planta Alta (Arroyo Naranjo),https://www.revolico.com/item/casa-en-planta-alta-arroyo-naranjo-57502014
9.500 USD Venta de casas,https://www.revolico.com/item/venta-de-casas-57755348
20.000 USD CASA PUERTA CALLE EN CENTRO HABANA CONSEJO DRAGONES (SOTERRADA),https://www.revolico.com/item/casa-puerta-calle-en-centro-habana-consejo-dragones-soterrada-56735581
Casa en venta en el municipio Plaza con dos cuartos,https://www.revolico.com/item/casa-en-venta-en-el-municipio-plaza-con-dos-cuartos-57252328
15.000 USD CASA PUERTA CALLE EN CENTRO HABANA (CERCA DEL PARQUE MACEO),https://www.revolico.com/item/casa-puerta-calle-en-centro-habana-cerca-del-parque-maceo-57111755
15.000 USD APTO 1ER PISO EN CENTRO HABANA (solo 2 apto en el piso),https://www.revolico.com/item/apto-1er-piso-en-centro-habana-solo-2-apto-en-el-piso-57111771
68.000 USD CASA EN EL VEDADO,https://www.revolico.com/item/casa-en-el-vedado-57111737
25.000 USD CASA EN PLAYA (BUENA VISTA),https://www.revolico.com/item/casa-en-playa-buena-vista-57301624
35.000 USD CASA EN MARIANAO CERCA DEL HOSPITAL MILITAR,https://www.revolico.com/item/casa-en-marianao-cerca-del-hospital-militar-57220218
130.000 USD CASA INDEPENDIENTE CAPITALISTA EN EL SEVILLANO,https://www.revolico.com/item/casa-independiente-capitalista-en-el-sevillano-57301656
30.000 USD CASA INDEPENDIENTE EN COJÍMAR,https://www.revolico.com/item/casa-independiente-en-cojimar-57712882
15.000 USD CASA EN ARROYO NARANJO,https://www.revolico.com/item/casa-en-arroyo-naranjo-57712878
"150.000 USD Se vende o cambio casa en Playa, Habana, 3 cuartos, 3 baños, piscina.",https://www.revolico.com/item/se-vende-o-cambio-casa-en-playa-habana-3-cuartos-3-banos-piscina-54269233
"45.000 USD Venta de Casa En Santa FE,en PLAYA.#148",https://www.revolico.com/item/venta-de-casa-en-santa-feen-playa148-57755284
3.500 USD ❤️ VENDO APARTAMENTO DE 1/4 EN BAJO PLACA LIBRE ❤️,https://www.revolico.com/item/vendo-apartamento-de-14-se-deja-con-todo-adentro-55702776
18.000 USD Se vende casa de viga y losa en Centro Habana,https://www.revolico.com/item/se-vende-casa-de-viga-y-losa-en-centro-habana-56022429
"Busco alquiler de garaje puerta calle en ave 19,70,31 o 41 en Playa para negocio",https://www.revolico.com/item/busco-alquiler-de-garaje-puerta-calle-en-ave-197031-o-41-en-playa-para-negocio-57755074
130.000 USD ¡OPORTUNIDAD ÚNICA EN GUANABO! SE VENDEN 2 CASAS (MISMO DUEÑO),https://www.revolico.com/item/oportunidad-unica-en-guanabo-se-venden-2-casas-mismo-dueno-57755073
6.500 USD Apto de 1/4 en Ctro Habana colindante con Vedado,https://www.revolico.com/item/apto-de-14-en-ctro-habana-colindante-con-vedado-57755030
5.500 USD Venta apartamento en La Lisa,https://www.revolico.com/item/venta-apartamento-en-la-lisa-57424532
2.000 USD Apartamento en el diezmero,https://www.revolico.com/item/apartamento-en-el-diezmero-57295062
6.500 USD Apto estilo cuarto estudio,https://www.revolico.com/item/apto-estilo-cuarto-estudio-57668658
8.000 USD Venta de casas,https://www.revolico.com/item/venta-de-casas-57652427
25 USD Negoceo casa amplia sin detalle abierto a cualquier negocio puedo recoger kia picanto + moto y vuelto,https://www.revolico.com/item/negoceo-casa-amplia-sin-detalle-abierto-a-cualquier-negocio-puedo-recoger-kia-picanto-moto-y-vuelto-57589393
25.000 USD Se vende esta casa en los alrededores de la tienda de Carlos 3 es una casa de negocio de imprecion Papeles de propiedad,https://www.revolico.com/item/se-vende-esta-casa-en-los-alrededores-de-la-tienda-de-carlos-3-es-una-casa-de-negocio-de-imprecion-papeles-de-propiedad-57541746
Compro casa o apartamento en Guanabacoa o Regla,https://www.revolico.com/item/compro-casa-o-apartamento-en-guanabacoa-o-regla-57754809
35.000 USD Venta de apartamento en el vedado,https://www.revolico.com/item/venta-de-apartamento-en-el-vedado-57489725
30.000 USD Venta de casa en centro Habana,https://www.revolico.com/item/venta-de-casa-en-centro-habana-57191477
"14.000 USD 🗺️Casa en venta ubicada en el reparto Rosario, Arroyo Naranjo.",https://www.revolico.com/item/casa-en-venta-ubicada-en-el-reparto-rosario-arroyo-naranjo-56758423
18.000 USD 🏡En venta casa en Víbora Park 🏡,https://www.revolico.com/item/en-venta-casa-en-vibora-park-57281022
25.000 USD OPORTUNIDAD ÚNICA EN LA VÍBORA – INMUEBLE EN VENTA,https://www.revolico.com/item/oportunidad-unica-en-la-vibora-inmueble-en-venta-56554936
"Se busca casa en La Víbora, Santo Suárez o Mónaco",https://www.revolico.com/item/se-busca-casa-en-la-vibora-santo-suarez-o-monaco-57370289
10.000 USD AL1005 – Se vende casa completamente equipada y lista para vivir,https://www.revolico.com/item/al1005-se-vende-casa-completamente-equipada-y-lista-para-vivir-57754544
"120.000 USD Casa en venta, Quereteja",https://www.revolico.com/item/casa-en-venta-quereteja-57754437
"75.000 USD Casa con todo Dentro 4 Cuartos, Garaje Amplio,no apagones...Reparto Residencial Almendares Boyeros LEER!!!",https://www.revolico.com/item/casa-con-todo-dentro-4-cuartos-garaje-ampliono-apagonesreparto-residencial-almendares-boyeros-leer-57518236
30.000 USD Casa en cojimar,https://www.revolico.com/item/casa-en-cojimar-57754372
1 USD Inmobiliaria Atrio!! 😉,https://www.revolico.com/item/inmobiliaria-atrio-57342116
15.000 USD Casa en el Cerro,https://www.revolico.com/item/casa-en-el-cerro-57344546
6.000 USD Venta de apartamento en Alamar,https://www.revolico.com/item/venta-de-apartamento-en-alamar-57571456
26.000 USD OFERTAZO se vende apto vedado 22y13 balcón terraza 2/4,https://www.revolico.com/item/ofertazo-se-vende-apto-vedado-22y13-balcon-terraza-24-57754083
Se vende terreno,https://www.revolico.com/item/se-vende-terreno-57754003
Se vende apartamento en Marianao,https://www.revolico.com/item/se-vende-apartamento-en-marianao-57753806
"12.000 USD En venta ,aprovecha ahora ✅️",https://www.revolico.com/item/en-venta-aprovecha-ahora-57536577
9.000 USD GG-179. ¡OPORTUNIDAD ECONÓMICA EN LA LISA! APARTAMENTO DE 2 CUARTOS CERCA DEL HOSPITAL FRANK PAÍS,https://www.revolico.com/item/gg-179-oportunidad-economica-en-la-lisa-apartamento-de-2-cuartos-cerca-del-hospital-frank-pais-57753760
8.500 USD Vendo mi apartamento,https://www.revolico.com/item/vendo-mi-apartamento-57753755
22.000 USD APARTMAENTO INTERIOR EN EL VEDADO – Plaza de la Revolución.,https://www.revolico.com/item/apartmaento-interior-en-el-vedado-plaza-de-la-revolucion-57753737
15.000 USD Venta apartamento Playa 2 cuartos en 15mil 53582376,https://www.revolico.com/item/venta-apartamento-playa-2-cuartos-por-debajo-de-19-en-17mil-53582376-57424269
"25.000 USD SE VENDE APARTAMENTO EN PLAYA REPARTO LA SIERRA. LA HABANA  25,000 USD. (NOS AJUSTAMOS CON DINERO EN MANO)",https://www.revolico.com/item/se-vende-apartamento-en-playa-reparto-la-sierra-la-habana-30000-usd-nos-ajustamos-con-dinero-en-mano-56640315
🏡 Oportunidad Única en Mantilla – Arroyo Naranjo (kinetica),https://www.revolico.com/item/oportunidad-unica-en-mantilla-arroyo-naranjo-kinetica-57530891
8.500 USD 🏡 *¡OPORTUNIDAD EN GUANABACOA! 2 CASAS EN 1* 💥   *#204 📍 A pocos pasos del Palacio de los Matrimonios* *A 2 cuadras d,https://www.revolico.com/item/oportunidad-en-guanabacoa-2-casas-en-1-204-a-pocos-pasos-del-palacio-de-los-matrimonios-a-2-cuadras-d-57753473
13.000 USD Ventas de casas inmobiliaria yaen casa,https://www.revolico.com/item/ventas-de-casas-inmobiliaria-yaen-casa-57753455
50.000 USD Casa independiente biplanta cn garage y piscina.lawton,https://www.revolico.com/item/casa-independiente-biplanta-cn-garage-y-piscinalawton-53663442
100.000 USD Se vende casa en Playa,https://www.revolico.com/item/se-vende-casa-en-playa-57621763
12.000 USD Vendo apartamento en la Habana,https://www.revolico.com/item/vendo-apartamento-en-la-habana-57092504
40.000 USD SE VENDE PLANTA BAJA DE UN BIPLANTA EN ZONA CENTRICA DE ALTAHABANA Y NO SE VA LA CORRIENTE,https://www.revolico.com/item/se-vende-planta-baja-de-un-biplanta-en-zona-centrica-de-altahabana-y-no-se-va-la-corriente-57753310
"3.200 USD Apartamento en Alamar, zona 23, a dos cuadras de 5ta avenida. 4to piso. Papeles en regla",https://www.revolico.com/item/apartamento-en-alamar-zona-25-a-dos-cuadras-de-5ta-avenida-4to-piso-papeles-en-regla-57002771
25.000 USD Vendo casa en Playa de 2 hab y 2 baños,https://www.revolico.com/item/vendo-casa-en-playa-de-2-hab-y-2-banos-56305972
1 USD Se vende apto de días cuartos muy próximo a 23 y 12.,https://www.revolico.com/item/se-vende-apto-de-dias-cuartos-muy-proximo-a-23-y-12-57753057
11.000 USD VENTA CASA INDEPENDIENTE CON PATIO LIBRE DE MÁS 100 METROS,https://www.revolico.com/item/venta-casa-independiente-con-patio-libre-de-mas-100-metros-55339429
"20.000 USD Venta de casa en planta baja, Playa Ampliación de Almendares",https://www.revolico.com/item/venta-de-casa-en-planta-baja-playa-ampliacion-de-almendares-57368119
"12,5 USD Apto de 1/4, buen lugar de Playa",https://www.revolico.com/item/apto-de-14-buen-lugar-de-playa-55610690
18.000 USD Apartamento en playa 19 y 60. Contactar al 52901568 móvil y WhatsApp,https://www.revolico.com/item/apartamento-en-playa-19-y-60-contactar-al-52901568-movil-y-whatsapp-57584052
8.500 USD Rebajada!!! Propiedad en la Habana Vieja en los altos de una biplanta con azotea independiente.,https://www.revolico.com/item/propiedad-en-la-habana-vieja-en-los-altos-de-una-biplanta-con-azotea-independiente-57226966
22 USD SE VENDE   APARTAMENTO DE 2 HABITACIONES DE 70M2 DEL 1980 EN PLANTA BAJA NUEVO VEDADO 52670491 Manuel,https://www.revolico.com/item/se-vende-o-permuta-con-vuelto-52670491-manuel-apartamento-de-2-habitaciones-de-70m2-del-1980-en-planta-bajanuevo-vedado-49942279
3.500 USD Casa en venta,https://www.revolico.com/item/casa-en-venta-57752743
23.000 USD Vendo apartamento.,https://www.revolico.com/item/vendo-apartamento-57752736
Apartamento en Santo Suárez,https://www.revolico.com/item/apartamento-en-santo-suarez-57752719
"65.000 USD “Chalé/casa de época con más de 1.200 m² en propiedad + finca de 1,5 ha asociada”. en Artemisa",https://www.revolico.com/item/chalecasa-de-epoca-con-mas-de-1200-m2-en-propiedad-finca-de-15-ha-asociada-en-artemisa-57374241
5.000 USD Apartamento en Centro Habana de un cuarto,https://www.revolico.com/item/apartamento-en-centro-habana-de-un-cuarto-57752697
40.000 USD Casa con enorme patio delantero en la Vibora,https://www.revolico.com/item/casa-con-enorme-patio-delantero-en-la-vibora-57506773
3.500 USD Apartamento interior en Lawton,https://www.revolico.com/item/apartamento-interior-en-lawton-57189126
65.000 USD Casona en santos suarez,https://www.revolico.com/item/casona-en-santos-suarez-55652650
35.000 USD Casa en bajos de biplantas en el sevilano,https://www.revolico.com/item/casa-en-bajos-de-biplantas-en-el-sevilano-57611195
"60.000 USD Casa en santos suarez Residencial,cerca de santa catalina",https://www.revolico.com/item/casa-en-santos-suarez-residencialcerca-de-santa-catalina-55557022
30.000 USD Bello apartamento en Juan Delgado y Lacret,https://www.revolico.com/item/bello-apartamento-en-juan-delgado-y-lacret-57468990
55.000 USD Casa en Santos suarez Moderno,https://www.revolico.com/item/casa-y-carro-en-santos-suarez-moderno-56130713
70.000 USD Hermosa casa en santos suarez Residencial,https://www.revolico.com/item/hermosa-casa-en-santos-suarez-residencial-57189429
13.000 USD Venta de Casa puerta de Calle en La Habana Vieja.#180,https://www.revolico.com/item/venta-de-casa-puerta-de-calle-en-la-habana-vieja180-57752530
27.000 USD Casa en bajos de biplantas en Santos Suarez Moderno,https://www.revolico.com/item/casa-en-bajos-de-biplantas-en-santos-suarez-moderno-57469622
100.000 USD Casa de renta en la Vibora,https://www.revolico.com/item/casa-de-renta-en-la-vibora-55535626
30.000 USD Hermoso apto en el Mónaco,https://www.revolico.com/item/hermoso-apto-en-el-monaco-57103011
50.000 USD Casa con finca en lawton,https://www.revolico.com/item/casa-con-finca-en-lawton-56130720
"60.000 USD Casa cerca de Figueroa y Lacret,santos suarez",https://www.revolico.com/item/casa-cerca-de-figueroa-y-lacretsantos-suarez-56607875
70.000 USD Hermosa casa en el Sevillano,https://www.revolico.com/item/hermosa-casa-en-el-sevillano-57607840
50.000 USD Casa cerca de Juan Delgado y santa Catalina,https://www.revolico.com/item/casa-cerca-de-juan-delgado-y-santa-catalina-57469038
6.000 USD Apartamento interior en santos suarez,https://www.revolico.com/item/apartamento-interior-en-santos-suarez-57275682
12.000 USD Venta de apartamento,https://www.revolico.com/item/venta-de-apartamento-57752468
"15.000 USD Venta de Apartamento en El CERRO, Reparto Martí, cerca de Boyeros y Camagüey.#247",https://www.revolico.com/item/venta-de-apartamento-en-el-cerro-reparto-marti-cerca-de-boyeros-y-camaguey247-57752398
60.000 USD REBAJADA!!!CASA CAPITALISTA DE DOS PLANTAS EN SANTO SUÁREZ,https://www.revolico.com/item/casa-capitalista-de-dos-plantas-en-santo-suarez-57214278
50.000 USD GG-106 Oportunidad de inversión en Guanabo! 🌊☀️,https://www.revolico.com/item/gg-106-oportunidad-de-inversion-en-guanabo-55741597
"50.000 USD GG-167 Excelente casa en Alturas de La Lisa, ubicada cerca del Hospital Frank País.",https://www.revolico.com/item/gg-167-excelente-casa-en-alturas-de-la-lisa-ubicada-cerca-del-hospital-frank-pais-57054161
13.000 USD Venta casa puerta de calle en Habana Vieja,https://www.revolico.com/item/venta-casa-puerta-de-calle-en-habana-vieja-57752344
"130.000 USD GG-104 Se venden dos propiedades independientes en Ampliación de Marbella, Guanabo",https://www.revolico.com/item/gg-104-se-venden-dos-propiedades-independientes-en-ampliacion-de-marbella-guanabo-55334243
13.000 USD Casa en venta en la habana vieja,https://www.revolico.com/item/casa-en-venta-en-la-habana-vieja-57752339
"25.000 USD Apartamento exclusivo en Camilo Cienfuegos, La Habana del Este",https://www.revolico.com/item/apartamento-exclusivo-en-camilo-cienfuegos-la-habana-del-este-55470332
"70.000 USD SE VENDE CASA BUENA DE 3 NIVELES, EN PLAYA",https://www.revolico.com/item/se-vende-casa-de-3-niveles-en-playa-56072102
490.000 USD ¡IMPRESIONANTE PROPIEDAD DE DOS PLANTAS EN VENTA!,https://www.revolico.com/item/impresionante-propiedad-de-dos-plantas-en-venta-55925140
30.000 USD APARTAMENTO CON TODO DENTRO. CENTRICO. 2 HABITACIONES 2 BAÑOS. 4 TO PISO.,https://www.revolico.com/item/apartamento-con-todo-dentro-centrico-2-habitaciones-2-banos-4-to-piso-56679131
57.000 USD Apto Capitalista 74e/11y13 Playa Bajos 3habit 2baños garaje gas calle 52700401,https://www.revolico.com/item/vendo-apartamto-capitalist-x74y13-playa-bajos-3habit-2banos-garaje-colect-gas-calle-52700401-51282281
5.000 USD Venta de apartamento,https://www.revolico.com/item/venta-de-apartamento-57752194
3.500 CUP Tiras de cabillas de polímero reforzado,https://www.revolico.com/item/tiras-de-cabillas-de-polimero-reforzado-56392444
"20.000 USD 🏡  Venta de Casa en Buena Vista, Playa",https://www.revolico.com/item/venta-de-casa-en-buena-vista-playa-56949385
6.000 USD 😱 apartamento en Miramar!!! Gangaaaa,https://www.revolico.com/item/apartamento-en-miramar-gangaaaa-57621627
"52.000 USD Excelente casa en el sevillano,cerca de Villa",https://www.revolico.com/item/excelente-casa-en-el-sevillanocerca-de-villa-57649168
8.000 USD Casa en altos en Lawton,https://www.revolico.com/item/casa-en-altos-en-lawton-56883755
"11.000 USD Venta de Apartamento en Centro Habana, cerca de la Universidad de La Habana.",https://www.revolico.com/item/venta-de-apartamento-en-centro-habana-cerca-de-la-universidad-de-la-habana-57752022
"11.000 USD Apartamento en el Mónaco,3er piso",https://www.revolico.com/item/apartamento-en-el-monaco3er-piso-57469058
35.000 USD Casa-apto en santos suarez residencial,https://www.revolico.com/item/casa-apto-en-santos-suarez-residencial-56482474
15.000 USD Inmobiliaria yaen casa,https://www.revolico.com/item/inmobiliaria-yean-casa-57751976
"12.000 USD Casa en altos cerca de la iglesia la milagrosa,santos suarez",https://www.revolico.com/item/casa-en-altos-cerca-de-la-iglesia-la-milagrosasantos-suarez-57275721
"6.000 USD Ganga!! Apartamento en la Vibora,cerca de la optica Valencia",https://www.revolico.com/item/ganga-apartamento-en-la-viboracerca-de-la-optica-valencia-57128189
11.000 USD SE VENDE APARTAMENTO,https://www.revolico.com/item/se-vende-apartamento-57751954
14.000 USD Apartamento con balcón en el sevillano,https://www.revolico.com/item/apartamento-con-balcon-en-el-sevillano-55483423
1 USD Vendo la casa,https://www.revolico.com/item/vendo-la-casa-57751913
135.000 USD Hermosa propiedad cerca de juan delgado y santa catalina,https://www.revolico.com/item/hermosa-propiedad-cerca-de-juan-delgado-y-santa-catalina-55483387
19.000 USD Bello apartamento en el Sevillano,https://www.revolico.com/item/bello-apartamento-en-el-sevillano-57189208
"82.000 USD Casa en el Mónaco,cerca de Mayia",https://www.revolico.com/item/casa-en-el-monacocerca-de-mayia-55535478
5.000 USD Casa puerta de calle en el Cotorro,https://www.revolico.com/item/casa-puerta-de-calle-en-el-cotorro-56400819
"22.000 USD Apartamento en el Vedado,cerca del Hotel Cohiba",https://www.revolico.com/item/apartamento-en-el-vedadocerca-del-hotel-cohiba-57662202
100.000 USD Casa de renta a pocos pasos del Prado y hotel Sevilla,https://www.revolico.com/item/casa-de-renta-a-pocos-pasos-del-prado-y-hotel-sevilla-57036426
45.000 USD Apartamento con garaje en Nuevo Vedado,https://www.revolico.com/item/apartamento-con-garaje-en-nuevo-vedado-56417574
75.000 USD Excelente propiedad en el Casino Deportivo,https://www.revolico.com/item/excelente-propiedad-en-el-casino-deportivo-57167890
110.000 USD Propiedad horizontal en G y 19,https://www.revolico.com/item/propiedad-horizontal-en-g-y-19-56130682
"110.000 USD Casa em ampliación de almendares,playa",https://www.revolico.com/item/casa-em-ampliacion-de-almendaresplaya-55515688
30.000 USD Hermosa propiedad horizontal en Centro Habana,https://www.revolico.com/item/hermosa-propiedad-horizontal-en-centro-habana-57276038
120.000 USD Hermosa casa de una cuadra completa en Fontanar,https://www.revolico.com/item/hermosa-casa-de-una-cuadra-completa-en-fontanar-57642714
80.000 USD Hermosa finca- asienda en Arroyo Naranjo,https://www.revolico.com/item/hermosa-finca-asienda-en-arroyo-naranjo-57072133
12.500 USD Vendo casa en centro habana con todo adentro y una moto,https://www.revolico.com/item/vendo-casa-en-centro-habana-con-todo-adentro-y-una-moto-57751693
"Se vende casa en bajo ,sirve para negocio o Mipyme",https://www.revolico.com/item/se-vende-casa-en-bajo-sirve-para-negocio-o-mipyme-57335191
5.500 USD Apartamento en Alamar,https://www.revolico.com/item/apartamento-en-alamar-57679316
40.000 USD Casa en venta las cañas Boyeros,https://www.revolico.com/item/casa-en-venta-las-canas-boyeros-57751444
Al pv,https://www.revolico.com/item/al-pv-57751439
"100.000 USD Mazorra Boyeros, Casa de Ensueños",https://www.revolico.com/item/mazorra-boyeros-casa-de-ensuenos-57751425
12.500 USD 📢Vendo apartamento en altura de altahabana Boyero ✅️ Es un 1er piso,https://www.revolico.com/item/vendo-apartamento-en-altura-de-altahabana-boyero-es-un-1er-piso-57645213
5.000 USD Se vende,https://www.revolico.com/item/se-vende-57751346
9.000 USD Apartamento en Camilo Cienfuegos Habana del Este,https://www.revolico.com/item/apartamento-en-camilo-cienfuegos-habana-del-este-57751307
"2.500 USD Se vende casa de terreno delantero,cocina,cuarto y baño",https://www.revolico.com/item/se-vende-casa-de-terreno-delanterococinacuarto-y-bano-57751304
"2.500 USD Se vende casa de terreno delantero,cocina,cuarto y baño",https://www.revolico.com/item/se-vende-casa-de-terreno-delanterococinacuarto-y-bano-57751303
25.000 USD Casa,https://www.revolico.com/item/casa-57237132
11.000 USD SE VENDE CASA EN SAN MIGUEL DEL PADRÓN!,https://www.revolico.com/item/se-vende-casa-en-san-miguel-del-padron-57027438
30.000 USD Casa totalmente independiente con garaje carposh y Oferta de negocio hasta fin de mes 🧿🏡,https://www.revolico.com/item/casa-totalmente-independiente-con-garaje-carposh-57296072
20 USD Rebaja! Venta de Casa en Buena Vista con Todo Adentro,https://www.revolico.com/item/venta-de-casa-en-buena-vista-con-todo-adentro-56200221
25.000 USD CASA INDEPENDIENTE CON APTO - GARAJE Y OFERTA DE CARRO INCLUIDO ( HASTA FIN DE MES )🎀,https://www.revolico.com/item/casa-independiente-con-apto-garaje-y-oferta-de-carro-incluido-hasta-fin-de-mes-57407168
35.000 USD CASA INDEPENDIENTE CON APTO Y GARAJE CARPOSH 🍀🏡,https://www.revolico.com/item/venta-de-casa-independiente-con-apto-y-garaje-carposh-57197778
25.000 USD Se vende casa en Santos Suarez,https://www.revolico.com/item/se-vende-casa-en-santos-suarez-57751017
3.500 USD Cuarto céntrico en Colón Centro Habana. Es propiedad,https://www.revolico.com/item/cuarto-centrico-en-colon-centro-habana-es-propiedad-56966264
5.000 USD Casa,https://www.revolico.com/item/casa-57236756
venta de casa,https://www.revolico.com/item/venta-de-casa-57750811
3.500 USD Venta de Apartamento en Alturas de la Lisa,https://www.revolico.com/item/venta-de-apartento-en-alturas-de-la-lisa-56858592
20.000 USD Vendo apartamento en la zona residencial de Palatino en 20000 USD,https://www.revolico.com/item/vendo-apartamento-en-la-zona-residencial-de-palatino-en-16000-usd-54689721
Se vende apartamento en el vedado..,https://www.revolico.com/item/se-vende-apartamento-en-el-vedado-57750723
120.000 USD Venta de apartamento en el 10 piso en línea y L,https://www.revolico.com/item/venta-de-apartamento-en-el-10-piso-en-linea-y-l-54158273
60.000 USD 🏠 ¡SE VENDE CASA EN REPARTO SEVILLANO! 🏠,https://www.revolico.com/item/se-permuta-o-se-vende-57054230
"16.500 USD Apartamento 1 cuarto,  garaje,  Playa",https://www.revolico.com/item/apartamento-1-cuarto-garaje-playa-57750635
23.000 USD apartamento en playa,https://www.revolico.com/item/apartamento-en-playa-57750620
3.300 USD 🏡 ¡SE VENDE PROPIEDAD EN FINCA / IDEAL PARA CRIANZA Y SIEMBRA EN ALQUÍZAR! 🌿,https://www.revolico.com/item/se-vende-propiedad-en-finca-ideal-para-crianza-y-siembra-en-alquizar-57750601
7.500 USD Apartamento de tres cuartos en el Bahía,https://www.revolico.com/item/apartamento-de-tres-cuartos-en-el-bahia-56460612
11.000 USD SE VENDE APARTAMENTO - CENTRO HABANA (Cerca de la Universidad de La Habana),https://www.revolico.com/item/se-vende-apartamento-centro-habana-cerca-de-la-universidad-de-la-habana-57750581
Casa lista para mudarse ya! - Centro Habana (kinetica),https://www.revolico.com/item/casa-lista-para-mudarse-ya-centro-habana-kinetica-57308009
"8.500 USD ""OPORTUNIDAD ALAMAR APARTAMENTO PLANTA BAJA AFECTADO, ZONA 19""",https://www.revolico.com/item/oportunidad-alamar-apartamento-planta-baja-afectado-zona-19-57418706
22.000 USD Se Vende Casa en la Habana,https://www.revolico.com/item/se-vende-casa-en-la-habana-56204985
18.000 USD Venta de apartamento en la villa panamericana,https://www.revolico.com/item/venta-de-apartamento-en-la-villa-panamericana-57750442
22.000 USD Casa en Venta Cerro,https://www.revolico.com/item/casa-en-venta-cerro-56100783
"18.000 USD 18mil, vivienda en bajos, a metros de av 23",https://www.revolico.com/item/18mil-vivienda-en-bajos-a-meteos-de-av-23-57296680
72.000 USD Apartamento en el vedado en bajos,https://www.revolico.com/item/aparta-57750361
22.000 USD Oferta Venta Casa en el Cerro,https://www.revolico.com/item/casa-en-el-cerro-56445844
16.000 USD 🏠 Se vende apartamento en la Víbora 🏠 3 cuartos🔹Gas de la calle,https://www.revolico.com/item/se-vende-apartamento-en-la-vibora-3-cuartosgas-de-la-calle-57423593
14.000 USD 🏡 INMUEBLE EN VENTA 🏡 Garaje 🚗,https://www.revolico.com/item/inmueble-en-venta-garage-57479813
30.000 USD 📢 Espectacular casa de 4 pisos ubicada en la Víbora.🏡,https://www.revolico.com/item/espectacular-casa-de-4-pisos-ubicada-en-la-vibora-57112057
16.000 USD 💵 VENDO CASA 🏡 CARRO 🚗 Y TALLER CON MÁQUINAS DE CARPINTERÍA🪵TODO POR 16MIL USD,https://www.revolico.com/item/vendo-casa-carro-y-taller-con-maquinas-de-carpinteria-57627623
25.000 USD Casa grande en la Víbora,https://www.revolico.com/item/casa-grande-en-la-vibora-56779436
18.000 USD Vendo casa en Víbora Park 🏡 Garaje y Patio grande,https://www.revolico.com/item/vendo-casa-en-vibora-park-57281048
10.000 USD Se vende o se permuta apartamento en el casino deportivo 5to piso,https://www.revolico.com/item/se-vende-o-se-permuta-apartamento-en-el-casino-deportivo-5to-piso-56488944
"14,5 USD Se vende apartamento en perferto estado muy cómodo y ventilado es un 4to pisos en playa Miramar.soy el dueño",https://www.revolico.com/item/se-vende-apartamento-en-perferto-estado-muy-comodo-y-ventilado-es-un-4to-pisos-en-playa-miramarsoy-el-dueno-57750176
30.000 USD Se vende apartamento en Nuevo Vedado,https://www.revolico.com/item/se-vende-apartamento-en-nuevo-vedado-57750092
30.000 USD Casa en venta,https://www.revolico.com/item/casa-en-venta-57622171
55.000 USD Dos casas en una por solo 55 mil USD. Ocasión !!!!!,https://www.revolico.com/item/dos-casas-en-una-por-solo-55-mil-usd-ocasion-47221935
15.000 USD Apartamento en Reparto Flores   ¡¡¡REBAJADO!!!  15 mil USD,https://www.revolico.com/item/apartamento-en-reparto-flores-rebajado-15-mil-usd-47222045
6.500 USD Se vende Casa en la Habana,https://www.revolico.com/item/se-vende-casa-55564264
6.500 USD 🏠 APARTAMENTO PISO 1 EN EL ROBLE | 2 Hab + Patio + 2 Balcones | Papeles en regla,https://www.revolico.com/item/apartamento-piso-1-en-el-roble-2-hab-patio-2-balcones-papeles-en-regla-57713092
9.000 USD Ganga!!! Apto interior en excelente zona de la Víbora.,https://www.revolico.com/item/ganga-apto-interior-en-excelente-zona-de-la-vibora-55440581
"🏡 SE VENDE CASA EN PLAYA, LA HABANA 🏡",https://www.revolico.com/item/se-vende-casa-en-playa-la-habana-57749870
25.000 USD Casa bastante grande,https://www.revolico.com/item/casa-bastante-grande-57324516
28 USD Se vende casa,https://www.revolico.com/item/se-vende-casa-57749832
13.000 USD Se vende apartamento al lado de la wolrd en el cerro,https://www.revolico.com/item/se-vende-apartamento-al-lado-de-la-wolrd-en-el-cerro-56865388
"130.000 USD 📢 SE VENDE EN GUANABO – ZONA MARBELLA (ampliación) Tres terrenos con todo incluido por solo 130,000 USD – ¡lista para v",https://www.revolico.com/item/se-vende-en-guanabo-zona-marbella-ampliacion-tres-terrenos-con-todo-incluido-por-solo-130000-usd-lista-para-v-57698631
111 USD Vendo Apto edificio de la coca Campo Florido 53239831,https://www.revolico.com/item/vendo-apto-edificio-de-la-coca-campo-florido-53239831-57749798
55.000 USD Se vende casa independiente en Santos Suárez,https://www.revolico.com/item/se-vende-casa-independiente-en-santos-suarez-57749789
111 USD Vend5o casa y Apto playa de Guanabo 52424713,https://www.revolico.com/item/vend5o-casa-y-apto-playa-de-guanabo-52424713-57749741
Venta de Casa Habana Vieja,https://www.revolico.com/item/venta-de-casa-habana-vieja-57749731
4 USD Venta de casa pequeña,https://www.revolico.com/item/venta-de-casa-pequena-57749695
300 USD Casa pequeña en miramar,https://www.revolico.com/item/casa-pequena-en-miramar-57749652
45.000 USD Vendo apartamento de 3 cuartos en Playa,https://www.revolico.com/item/vendo-apartamento-de-3-cuartos-en-playa-56810414
1 USD Venta de casa Santos Suárez a una cuadra de lacret y vento. Con portal garage terreno y carro incluído,https://www.revolico.com/item/venta-de-casa-santos-suarez-a-una-cuadra-de-lacret-y-vento-con-portal-garage-terreno-y-carro-incluido-55892605
350 USD APROVECHAAA IDEAL PARA NEGOCIOOO,https://www.revolico.com/item/aprovechaaa-ideal-para-negociooo-57639087
65.000 USD Venta de casa bi planta en bajos de 3 cuartos en playa 65000 usd,https://www.revolico.com/item/venta-de-casa-buena-en-playa-27000-usd-49998756
Casa en el calvario,https://www.revolico.com/item/casa-en-el-calvario-57749291
13.000 USD Vendo apart. Panta baja,https://www.revolico.com/item/vendo-apart-panta-baja-57124158
"13.000 USD 🏠🔥 ¡OPORTUNIDAD ÚNICA EN SAN AGUSTÍN!   13000USD. APARTAMENTO REMODELADO, AMUEBLADO Y LISTO PARA VIVIR  🔥🏠",https://www.revolico.com/item/oportunidad-unica-en-san-agustin-apartamento-remodelado-amueblado-y-listo-para-vivir-57118140
20.000 USD Apto interior Vedado - Plaza de la Revil,https://www.revolico.com/item/apto-interior-vedado-plaza-de-la-revil-57749217
Vendo o permuto 4 cuartos y 3 baños,https://www.revolico.com/item/vendo-o-permuto-4-cuartos-y-3-banos-57749167
13.500 USD Apto En venta,https://www.revolico.com/item/apto-en-venta-57749141
23.000 USD Vendo mi casa en el vedado,https://www.revolico.com/item/vendo-mi-casa-en-el-vedado-57749125
"16.000 USD Apartamento portal a calle, 3 cuartos: 16000, negociable con dinero en mano. Casa Vibora",https://www.revolico.com/item/apartamento-portal-a-calle-3-cuartos-16000-negociable-con-dinero-en-mano-57369040
1 USD Se vende casa en Boyeros,https://www.revolico.com/item/se-vende-casa-en-boyeros-57749042
12.000 USD Venta de casa,https://www.revolico.com/item/venta-de-casa-56663629
80.000 USD ✅Casa Independiente en Playa🍀 (P1),https://www.revolico.com/item/casa-independiente-en-playa-p1-54632209
140.000 USD ‼️‼️‼️Rebajaaaaa‼️‼️‼️ ✅Casa Independiente en Miramar🍀,https://www.revolico.com/item/casa-independiente-en-playa-cercana-a-las-embajadas-y-la-casa-de-la-musica-de-miramar-56594953
75.000 USD ✅Apartamento en el Vedado🍀 Con vista al mar cercano a Línea y N.,https://www.revolico.com/item/apartamento-en-el-vedado-con-vista-al-mar-cercano-a-linea-y-n-56904807
35.000 USD ✅Apartamento en Habana Vieja de los años 50🍀,https://www.revolico.com/item/apartamento-en-habana-vieja-de-los-anos-50-54975838
75.000 USD ✅Apartamento en el Vedado Línea y C🍀,https://www.revolico.com/item/apartamento-en-el-vedado-linea-y-c-55155923
"250.000 USD ✅Hostal en Casco Histórico Habana Vieja a 250 metros de la Catedral, zona soterrada🍀",https://www.revolico.com/item/hostal-en-casco-historico-habana-vieja-a-250-metros-de-la-catedral-zona-soterrada-54723110
35.000 USD ✅Apartamento en Centro Habana🍀Cercano a San Miguel y Galiano.,https://www.revolico.com/item/apartamento-en-centro-habanacercano-a-san-miguel-y-galiano-56594702
100.000 USD ✅Propiedad horizontal en Plaza de la Revolución🍀 Cercana a la Quinta de los Molinos.,https://www.revolico.com/item/propiedad-horizontal-en-plaza-de-la-revolucion-cercana-a-la-quinta-de-los-molinos-56594235
30.000 USD ✅Apartamento en Centro Habana🍀 Cercano a Zanja y Galiano.,https://www.revolico.com/item/apartamento-en-centro-habana-cercano-a-zanja-y-galiano-56863946
1 USD HAMACA,https://www.revolico.com/item/hamaca-57748597
9.000 USD Venta de casa en Maríanao circuito PRIORIZADO no se va la corriente,https://www.revolico.com/item/venta-de-casa-en-marianao-circuito-priorizado-no-se-va-la-corriente-57702897
22.000 USD VENDO CASA A PRECIO NEGOCIABLE,https://www.revolico.com/item/vendo-casa-a-precio-negociable-57748470
22.000 USD Apartamento en el vedado 2/4 altos de biplanta,https://www.revolico.com/item/apartamento-en-el-vedado-24-altos-de-biplanta-56672259
"5.000 USD VENDO CASA CON TERRENO GRANDE EN MARTI, PROVINCIA MATANZAS.",https://www.revolico.com/item/vendo-casa-con-terreno-56989628
"9.000 USD 🚨Vendo casa 🏠en :  💵: $9000 (🧏🏻‍♂️🚨Se vende con todo adentro🧏🏻‍♂️)  📍La Habana, Marianao Ave 37",https://www.revolico.com/item/vendo-casa-en-9000-se-vende-con-todo-adentro-la-habana-marianao-ave-37-57547936
Ref # 4.En oferta espectacular castillo ideal para vivienda o para negocio por su excelente ubicación!!Oportunidad !!!!,https://www.revolico.com/item/en-oferta-espectacular-castillo-ideal-para-vivienda-o-para-negocio-por-su-excelente-ubicacionoportunidad-de-inversion-55527096
120.000 USD Ref # 67.En oferta!!! Casa independiente de 3 cuartos y garaje cerrado con patio y jardín en excelente zona de Playa!!!!,https://www.revolico.com/item/en-oferta-casa-independiente-de-3-cuartos-y-garaje-cerrado-con-patio-y-jardin-en-excelente-zona-de-playa-47926949
60.000 USD Ref # 66.Nuevo y en oferta!!! Chalet de 1956 próximo a Mayia Rodríguez en Santos Suárez con precio super negociable!!!!,https://www.revolico.com/item/nuevo-y-en-oferta-chalet-de-1956-proximo-a-mayia-rodriguez-en-santos-suarez-con-precio-super-negociable-49255183
"200.000 USD Ref # 65.Espectacular mansión  colonial,  5 habitaciones, garaje y enorme patio de tierra lateral y trasero. Oferta!",https://www.revolico.com/item/espectacular-mansion-de-estilo-colonial-con-5-habitaciones-garaje-y-enorme-patio-de-tierra-lateral-y-trasero-en-oferta-48898955
"900.000 USD Ref # 63.Espectacular mansión en el Vedado próxima al Hotel Cohíba con 9 cuartos,ideal para hostal . Precio negociable!!",https://www.revolico.com/item/espectacular-mansion-en-el-vedado-proxima-al-hotel-cohiba-con-9-cuartosideal-para-hostal-precio-negociable-49495702
100.000 USD Ref # 62.Amplia casa de dos niveles con 6 cuartos en total y patio grande de tierra. Oportunidad de inversión!!!,https://www.revolico.com/item/amplia-casa-de-dos-niveles-con-6-cuartos-en-total-y-patio-grande-de-tierra-excelente-oportunidad-de-inversion-47176937
50.000 USD Ref # 61.Oferta!!! Casa independiente en Santos Suárez con carporshe para un auto y espacio para otro y 5 cuartos!!!,https://www.revolico.com/item/oferta-casa-independiente-en-santos-suarez-con-carporshe-para-un-auto-y-espacio-para-otro-y-5-cuartos-47796868
300.000 USD Ref # 60.Espectacular propiedad horizontal en zona de embajadas con 5 cuartos y 5 baños!! De lujo !!! En oferta,https://www.revolico.com/item/espectacular-propiedad-horizontal-en-zona-de-embajadas-con-5-cuartos-y-5-banos-de-lujo-actualmente-rentada-en-oferta-47772215
25.000 USD Red # 58.En ofertaaa !!! Casa de placa con 4 cuartos y azotea libre !!!,https://www.revolico.com/item/en-ofertaaa-casa-de-placa-con-4-cuartos-y-azotea-libre-azotea-libre-48981049
"50.000 USD Ref # 59.Oferta dos casas con entradas independientes y todo adentro, llegar y vivir. Posibilidad de Parqueo de carro!!!",https://www.revolico.com/item/ofertaaaa-dos-casas-con-entradas-independientes-y-todo-adentro-llegar-y-vivir-posibilidad-de-parqueo-de-carro-47906228
35.000 USD Red # 71.Ofertaaaa!!! Precioso apto de 3 cuartos y 2 baños en Santos Suárez en primer piso de excelente construcción!!!,https://www.revolico.com/item/ofertaaaa-precioso-apto-de-3-cuartos-y-2-banos-en-santos-suarez-en-primer-piso-de-excelente-construccion-48921293
60 USD VENDO CASA EN AVENIDA LÍNEA EN EL VEDADO,https://www.revolico.com/item/vendo-casa-en-avenida-linea-en-el-vedado-55192117
Se vende casa en el Vedado,https://www.revolico.com/item/se-vende-casa-en-el-vedado-56851370
"70.000 USD 🏡 SE VENDE CASA INDEPENDIENTE EN REPARTO D'BECHÉ, GUANABACOA 🏡",https://www.revolico.com/item/se-vende-casa-independiente-en-reparto-dbeche-guanabacoa-56067708
9.500 USD Casa propiedad privada,https://www.revolico.com/item/casa-propiedad-privada-56877841
15.000 USD Se vende apartamento/apto en el vedado,https://www.revolico.com/item/se-vende-apartamentoapto-en-el-vedado-57748329
15.000 USD Se vende apartamento/apto en el vedado,https://www.revolico.com/item/se-vende-apartamentoapto-en-el-vedado-57748328
50.000 USD apto capitalista en el vedado,https://www.revolico.com/item/apto-capitalista-en-el-vedado-56735695
45.000 USD Casa independiente con respaldo energetico en la vibora,https://www.revolico.com/item/casa-independiente-con-respaldo-energetico-en-la-vibora-57509349
420.000 USD casa colonial en playa,https://www.revolico.com/item/casa-colonial-en-miramar-52695300
15.000 USD Vendo apartamento de una habitación con todo lo que vez en la foto,https://www.revolico.com/item/vendo-apartamento-de-una-habitacion-con-todo-lo-que-vez-en-la-foto-57624526
9.000 USD Vendo apartamento en la Habana vieja dejo cosas dentro,https://www.revolico.com/item/vendo-apartamento-en-la-habana-vieja-dejo-cosas-dentro-56559651
16.000 USD Vendo apartamento en la Habana Vieja a una cuadra de la calle obispo,https://www.revolico.com/item/vendo-apartamento-en-la-habana-vieja-a-una-cuadra-de-la-calle-obispo-55787885
13.000 USD Vendo apartamento planta baja en Santo Suárez,https://www.revolico.com/item/vendo-apartamento-planta-baja-en-santo-suarez-55850006
35.000 USD Vendo casa puerta calle a dos calles de la Iglesia de la Catedral,https://www.revolico.com/item/vendo-casa-puerta-calle-a-dos-calles-de-la-iglesia-de-la-catedral-56390264
15.000 USD Vendo apartamento propiedad horizontal en la Habana Vieja,https://www.revolico.com/item/vendo-apartamento-propiedad-horizontal-en-la-habana-vieja-56559964
20.000 USD Vendo 2 casas en una en Centro Habana,https://www.revolico.com/item/vendo-2-casas-en-una-55233007
13.000 USD Vendo o permuto  apartamento en el Casco Histórico de la Habana o permito para una habitación con vuelto por encima,https://www.revolico.com/item/vendo-apartamento-en-el-casco-historico-de-la-habana-55086000
19.000 USD Vendo casa puerta a la calle con azotea libre en Centro Habana ooo permuto me reduaco con compensacion,https://www.revolico.com/item/vendo-casa-puerta-a-la-calle-con-azotea-libre-en-centro-habana-55479943
30.000 USD Apartamento micro segundo piso en nuevo vedado,https://www.revolico.com/item/apartamento-micro-segundo-piso-en-nuevo-vedado-55616877
180.000 USD casa capitalista en playa,https://www.revolico.com/item/casa-capitalista-en-playa-56302427
140.000 USD Casa de dos plantas cerca de 60 y 13,https://www.revolico.com/item/casa-de-dos-plantas-cerca-de-60-y-13-57167419
45.000 USD apto capitalista en jalisco park,https://www.revolico.com/item/apto-capitalista-en-jalisco-park-56736475
60.000 USD CASA EN 10 DE OCTUBRE COLONIAL! | 4 CUARTOS Y PATIO CON ÁRBOLES FRUTALES 🌳🏛️,https://www.revolico.com/item/casa-en-10-de-octubre-colonial-4-cuartos-y-patio-con-arboles-frutales-57748102
"35.000 USD Venta Casa 2Lv Los Pinos, Arroyo Naranjo",https://www.revolico.com/item/venta-casa-2lv-los-pinos-arroyo-naranjo-57462924
15.000 USD Venta casa en Luyano,https://www.revolico.com/item/venta-casa-en-luyano-57396870
"45.000 USD Venta casa en Santa Fe, Playa",https://www.revolico.com/item/venta-casa-en-santa-fe-playa-57396776
15.000 USD Venta casa planta baja interior en la Lisa,https://www.revolico.com/item/venta-casa-planta-baja-interior-en-la-lisa-57396557
"500.000 USD Casa con restaurante en reparto costa azul, boca de camarioca",https://www.revolico.com/item/casa-con-restaurante-en-reparto-costa-azul-boca-de-camarioca-52461739
10 USD Vendo apto con todo dentro que es llegar y vivir,https://www.revolico.com/item/vendo-apto-con-todo-dentro-que-es-llegar-y-vivir-56420691
50.000 USD biplanta en planta baja en guanabo,https://www.revolico.com/item/biplanta-en-planta-baja-en-guanabo-56223886
"130.000 USD Casa totalmente independiente en playa , la ceiba",https://www.revolico.com/item/casa-totalmente-independiente-en-playa-55493637
80.000 USD VENTA APARTAMENTO EN EL VEDADO – 2 HABITACIONES / 2 BAÑOS,https://www.revolico.com/item/venta-apartamento-en-el-vedado-2-habitaciones-2-banos-56835645
80.000 USD Venta de apartamento en el Vedado 1,https://www.revolico.com/item/venta-de-apartamento-en-el-vedado-1-56835625
80.000 USD Venta de apartamento en el Vedado (2 en uno),https://www.revolico.com/item/venta-de-apartamento-en-el-vedado-2-en-uno-57721997
"7.500 USD ！！Se Vende  ! ! 7500 USD ! ! Apartamento ubicado en Centro Habana, calle Neptuno a tres cuadras del Hospital Ameijeiras.",https://www.revolico.com/item/se-vende-7500-usd-apartamento-ubicado-en-centro-habana-calle-neptuno-a-tres-cuadras-del-hospital-ameijeiras-57696569
350.000 USD Casa independiente en miramar,https://www.revolico.com/item/casa-independiente-en-miramar-54953825
75.000 USD casa independiente en guanabo,https://www.revolico.com/item/casa-independiente-en-guanabo-54658837
"Apartamento amplio de 3 1/2 habitaciones, frente al Malecón con espectacular vista al Mar y la Ciudad❗️❗️❗️☝🏻",https://www.revolico.com/item/apartamento-amplio-de-3-12-habitaciones-frente-al-malecon-con-espectacular-vista-al-mar-y-la-ciudad-57143571
"50.000 USD 🏡 ¡Casa Antigua en el Vedado – 50,000 USD!",https://www.revolico.com/item/casa-antigua-en-el-vedado-50000-usd-57597440
16.000 USD Terreno 220m2 por 19 y30 José Manuel 54710876,https://www.revolico.com/item/terreno-220m2-por-19-y30-jose-manuel-54710876-57398557
750.000 USD casa en guanabo con entrada a la playa,https://www.revolico.com/item/casa-en-guanabo-con-entrada-a-la-playa-53285414
15.000 USD Vendo apto.En Bajos.2 hab.nvo vedado.interior d solo 4 aptos.57m2.fotos x whasapp,https://www.revolico.com/item/vendo-apto-2-habnvo-vedadointerior-d-solo-4-aptos57m2fotos-x-whasapp-56627093
150.000 USD Penthouse en miramar,https://www.revolico.com/item/penthouse-en-miramar-49190375
18.000 USD 🤑 GANGAAA 🤑🏃🏻‍♀️ vendo casa en segundo piso,https://www.revolico.com/item/gangaaa-vendo-casa-en-segundo-piso-57246125
25.000 USD Vendo casa en boyero,https://www.revolico.com/item/vendo-casa-en-boyero-56795403
25.000 USD Vendo casa en guanabacoa,https://www.revolico.com/item/vendo-casa-en-guanabacoa-56795367
25.000 USD Venta de Casa,https://www.revolico.com/item/venta-de-casa-56247900
25.000 USD Oportunidad de Venta de Casa!!!,https://www.revolico.com/item/oportunidad-de-venta-de-casa-56621954
40.000 USD apto en el vedado en calle 25,https://www.revolico.com/item/apto-en-el-vedado-en-calle-25-57000569
4.000 USD Venta de apartamentos,https://www.revolico.com/item/venta-de-apartamentos-57747901
95.000 USD Apartamento en el primer piso en el vedado,https://www.revolico.com/item/apartamento-en-el-primer-piso-en-el-vedado-54481154
50.000 USD casa independiente en guanabo..,https://www.revolico.com/item/casa-independiente-en-guanabo-56808721
150.000 USD casa independiente en boyeros,https://www.revolico.com/item/casa-independiente-en-boyeros-55729017
45.000 USD Apartamento primer piso en el vedado,https://www.revolico.com/item/apartamento-primer-piso-en-el-vedado-55798151
"18.000 USD Se vende biplanta en Bauta, ajustable con dinero en mano",https://www.revolico.com/item/se-vende-biplanta-en-bauta-ajustable-con-dinero-en-mano-56716217
"15.000 USD Apto con placa libre en Belascoin, Centro habana",https://www.revolico.com/item/apto-con-placa-libre-en-belascoin-centro-habana-57324233
14.500 USD Venta de Casa,https://www.revolico.com/item/venta-de-casa-56872850
100.000 USD Casa Lista para vivir en Santo Suárez /Mónaco,https://www.revolico.com/item/casa-lista-para-vivir-en-santo-suarez-monaco-57632277
70.000 USD Económica  Casa en bajos de Biplanta en Zona Residencial de Atavey,https://www.revolico.com/item/economica-casa-en-zona-residencial-de-atavey-57459566
350.000 USD Exelente Casa cerca de 5ta Ave en Siboney,https://www.revolico.com/item/exelente-casa-cerca-de-5ta-ave-en-siboney-57458929
130.000 USD Casa Independiente en Playa Cerca de 43 y 58,https://www.revolico.com/item/casa-independiente-en-playa-cerca-de-43-y-58-56145432
180.000 USD Altos de Biplanta en venta en el Vedado,https://www.revolico.com/item/altos-de-biplanta-en-venta-en-el-vedado-57342398
150.000 USD Excelente Casa independiente en Playa,https://www.revolico.com/item/excelente-casa-independiente-en-playa-56121272
100.000 USD Apartamento en Vedado,https://www.revolico.com/item/apartamento-en-vedado-57341851
13.000 USD 🟩 En excellente estado: centrico Apto capitalista en Centro Habana,https://www.revolico.com/item/en-excellente-estado-centrico-apto-capitalista-en-centro-habana-57747766
"25.000 USD Vedado 27 y N Apto Puerta Calle Con Portal 3/4,Sala-Comedor,2Entradas Indpndtes,Con Algunas Cosas Dentro,Tlf Fijo,""""No G",https://www.revolico.com/item/vedado-27-y-n-apto-puerta-calle-con-portal-34sala-comedor2entradas-indpndtescon-algunas-cosas-dentrotlf-fijono-g-55924446
"70.000 USD Playa:Cerca D 5ta Avenida.....Casa Indpndt Prácticamente Nueva Con Carposh,3/4,2Baños,Gas de La Calle,Agua Todo El Día,2",https://www.revolico.com/item/playacerca-d-5ta-avenidacasa-indpndt-practicamente-nueva-con-carposh342banosgas-de-la-calleagua-todo-el-dia2-57623978
"10.000 USD A Una Cuadra Exacta De Ayestaran y 20 De Mayo:Calle Masó y 20 de Mayo,Puerta Calle New Original de 1/4(SIGNIFICA Q TIENE",https://www.revolico.com/item/11000-usdvacia-a-una-cuadra-exacta-de-ayestaran-y-20-de-mayoapto-en-la-calle-maso-y-20-de-mayopuerta-calle-new-56899858
"22.000 USD San Francisco y Vapor..Cerca de Radio Progreso.Apto Colonial 1ER PISO Muy Ventilado(58m),Todo En Perfecto Estado,Con Alg",https://www.revolico.com/item/san-francisco-y-vaporcerca-de-radio-progresoapto-colonial-1er-piso-interior58mperfecto-estadocon-algunas-cosas-de-54609885
"6.500 USD Esquina Zanja y Espada,a 2 Cuadras d Infanta=12Plantas,6toPiso,2Elevadores,Apto de 1/4(UN CUARTO) Con Clóset,Terraza a l",https://www.revolico.com/item/esquina-zanja-y-espadaa-2-cuadras-d-infanta12plantas6topiso2elevadoresapto-de-14un-cuarto-con-closetterraza-a-l-56901563
"11.000 USD Casa Colonial En Espada y Anima:Esquinas e/ Cine Pionero y Callejón de Hamel,Posib.d Garaje (114m)..,2 Cuadras d Infanta",https://www.revolico.com/item/espada-y-animacerca-del-cine-pionero-y-del-callejon-de-hamela-2-cuadras-d-infantaapto-colonial-puerta-y-ventanales-a-54609932
"50.000 USD Calle Galiano,Casa Colonial Con Balcón 215m2,Tiene Una Terraza Al Final Con Vista a La La Calle De Atrás,Es 1er Piso,Azo",https://www.revolico.com/item/calle-galianocasa-colonial-de-215m2en-1er-pisoazotea-propia544banospatio-con-lavaderoc-vende-con-casi-todo-dentr-57057225
200 USD Terreno (900m2) por 30 y 5ta José Manuel 54710876,https://www.revolico.com/item/terreno-900m2-por-30-y-5ta-jose-manuel-54710876-57474307
"7.000 USD 🏡 ¡CASA EN VENTA EN LA CUEVITA, SAN MIGUEL DEL PADRÓN, LA HABANA! 🏡  ✨ Casa amplia, cómoda y con espacios ideales",https://www.revolico.com/item/casa-en-venta-en-la-cuevita-san-miguel-del-padron-la-habana-casa-amplia-comoda-y-con-espacios-ideales-57616631
"26.000 USD En VENTA APTO VEDADO CERCA DE 13 Y 22. 1ER PISO, BALCÓN A LA CALLE, 2/4. 53614857",https://www.revolico.com/item/en-venta-apto-vedado-cerca-de-13-y-22-1er-piso-balcon-a-la-calle-24-53614857-57747684
45.000 USD Biplanta bajo 3/4 por 41 y30 José Manuel 54710876,https://www.revolico.com/item/biplanta-bajo-34-por-41-y30-jose-manuel-54710876-57625557
17.000 USD Ref #103. Precioso apto de 2 cuartos con todo adentro en circuito priorizado!!! No lo deje pasar!!!,https://www.revolico.com/item/ref-103-precioso-apto-de-2-cuartos-con-todo-adentro-en-circuito-priorizado-no-lo-deje-pasar-57747649
30.000 USD Apto 1/4 grande bajo frente calle con garage y todo adentro por41 y30 José Manuel 54710876,https://www.revolico.com/item/apto-14-grande-bajo-frente-calle-con-garage-y-todo-adentro-por41-y30-jose-manuel-54710876-57636481
"Casa en San Cristobal, Artemisa",https://www.revolico.com/item/casa-en-san-cristobal-artemisa-56749099
"20.000 USD Apto 2/4, 1erPiso placa libre interior por 21 y 34 José Manuel 54710876",https://www.revolico.com/item/apto-24-1erpiso-placa-libre-interior-por-21-y-34-jose-manuel-54710876-57646138
180.000 USD Propiedad Horizontal,https://www.revolico.com/item/propiedad-horizontal-57682081
15.000 USD Gangaaaa .Casa en centro Habana tu mejor opción,https://www.revolico.com/item/gangaaaa-casa-en-centro-habana-tu-mejor-opcion-56597484
13.000 USD Centrico Apto Capitalista en excelente estado en Centro Habana,https://www.revolico.com/item/centrico-apartamento-capitalista-centro-habana-57594096
"60.000 USD apto en el vedado, 1er piso en calle 25",https://www.revolico.com/item/apto-en-el-vedado-1er-piso-54848505
3.500 USD Se vende casa,https://www.revolico.com/item/se-vende-casa-57747569
180.000 USD Amplio apartamento en bajos en el vedado,https://www.revolico.com/item/amplio-apartamento-en-bajos-en-el-vedado-55116717
9.000 USD Casa De 2 Cuartos En Arroyo Naranjo 9000,https://www.revolico.com/item/casa-de-2-cuartos-en-arroyo-naranjo-9500-57635985
13.000 USD Apto capitalista en Centro Habana - centrico - muy buen estado,https://www.revolico.com/item/apto-capitalista-en-centro-habana-muy-centrico-en-buen-estado-57595667
45.000 USD Se vende apartamento en 2 do piso en centro habana por concordia📍🏡 🔵🔵🔵 NH011,https://www.revolico.com/item/se-vende-apartamento-en-2-do-piso-en-centro-habana-por-concordia-nh011-57747500
180.000 USD Casa independiente lineal cerca del comodoro,https://www.revolico.com/item/casa-independiente-lineal-cerca-del-comodoro-56792065
75.000 USD Casa biplanta en 10 de octubre,https://www.revolico.com/item/casa-biplanta-en-10-de-octubre-56110832
15.000 USD Vendo apartamento de 1 cuarto en playa bajos,https://www.revolico.com/item/vendo-apartamento-de-1-cuarto-en-playa-bajos-57747483
30.000 USD Apartamento primer piso  en A y 23,https://www.revolico.com/item/apartamento-primer-piso-en-a-y-23-56998693
4.500 USD Venta de Casa en San Miguel del Padrón,https://www.revolico.com/item/venta-de-casa-en-san-miguel-54835472
30.000 USD biplanta en plaza,https://www.revolico.com/item/biplanta-en-plaza-56998752
70.000 USD Biplanta alto en el vedado,https://www.revolico.com/item/biplanta-alto-en-el-vedado-55592489
70.000 USD Apto en el vedado cerca de 23 y paseo,https://www.revolico.com/item/apto-en-el-vedado-cerca-de-23-y-paseo-57574367
30.000 USD Ref # 29.En venta apto de tres cuartos en primer piso con teléfono!!,https://www.revolico.com/item/en-venta-apto-de-tres-cuartos-en-primer-piso-con-telefono-51101079
95.000 USD Ref # 30.Se vende un preciosa propiedad en el Náutico con garaje y todo en perfecto estado!!!!,https://www.revolico.com/item/se-vende-un-preciosa-propiedad-en-el-nautico-con-garaje-y-todo-en-perfecto-estado-50432875
150.000 USD Ref # 32.Espectacular propiedad en Miramar con 3 cuartos y medio y garaje!!! Super amplia y luminosa!!!!,https://www.revolico.com/item/espectacular-propiedad-en-miramar-con-3-cuartos-y-medio-y-garaje-super-amplia-y-luminosa-50877660
180.000 USD Ref # 33.Espectacular propiedad en el Vedado en la zona de las letras con 4 cuartos y medio y garaje!!!!,https://www.revolico.com/item/espectacular-propiedad-en-el-vedado-en-la-zona-de-las-letras-con-4-cuartos-y-medio-y-garaje-50877429
7.000 USD Ref # 34.Se vende terreno con casa de dos cuartos en mal estado o se permuta!!!,https://www.revolico.com/item/se-vende-terreno-con-casa-de-dos-cuartos-en-mal-estado-o-se-permuta-52063843
57.000 USD Apto capitalista cerca de 13 y 70,https://www.revolico.com/item/apto-capitalista-cerca-de-13-y-70-56171764
55.000 USD Ref # 35.Ofertaaaa excelente oportunidad de adquirir casa y o negocio a la vez!!! Precio negociable!!!,https://www.revolico.com/item/ofertaaaa-excelente-oportunidad-de-adquirir-casa-y-o-negocio-a-la-vez-precio-negociable-51639820
45.000 USD Ref # 37.Ofeeerta dos casas en una con piscina y todo adentro!!!!!,https://www.revolico.com/item/ofeeerta-dos-casas-en-una-con-piscina-y-todo-adentro-52010604
25.000 USD Ref # 3.Oferta a 5 cuadras del mar!!! En Cojimar linda casa con posibilidad de garaje!!!,https://www.revolico.com/item/ofertaaa-a-5-cuadras-del-mar-en-cojimar-linda-casa-con-posibilidad-de-garaje-55526662
60.000 USD Ref# 39.Oferta!!! Excelente apto de 3 cuartos con placa libre y entrada independiente en el límite de Miramar!!!,https://www.revolico.com/item/oferta-excelente-apto-de-3-cuartos-con-placa-libre-y-entrada-independiente-en-el-limite-de-miramar-50576083
"40.000 USD Casa en el vedado 3ra Plaza, por el hotel Grand Aston. Construcción moderna de 4 plantas",https://www.revolico.com/item/casa-en-el-vedado-3ra-plaza-por-el-hotel-grand-aston-construccion-moderna-de-4-plantas-57191229
7.500 USD Vendo mi casa me ajusto,https://www.revolico.com/item/vendo-mi-casa-57484698
60.000 USD Casa en Venta en el Vedado,https://www.revolico.com/item/casa-en-venta-en-el-vedado-57726779
28.000 USD APARTAMENTO EN LA HABANA VIEJA (CENTRO HISTÓRICO),https://www.revolico.com/item/apartamento-en-la-habana-vieja-centro-historico-57568360
"15.000 USD Se Vende Casa en San Agustín, La Lisa!",https://www.revolico.com/item/se-vende-casa-en-san-agustin-la-lisa-57551215
90.000 USD casa independiente en guanabo a 1 cuadra de la playa,https://www.revolico.com/item/casa-independiente-en-guanabo-a-1-cuadra-de-la-playa-50432444
5.500 USD Cerro,https://www.revolico.com/item/cerro-57747284
125.000 USD Casa independiente en el vedado..,https://www.revolico.com/item/casa-independiente-en-el-vedado-55595773
"13.000 USD 🏡 *SE VENDE APARTAMENTO EN PLAYA, ALTOS – 2 PLANTAS*",https://www.revolico.com/item/se-vende-apartamento-en-playa-altos-2-plantas-57372127
26.000 USD 🏡*SE VENDE CASA EN MARIANAO – LÍMITE CON PLAYA 140 y 29*,https://www.revolico.com/item/se-vende-casa-en-marianao-limite-con-playa-140-y-29-57372004
80.000 USD 🏡 SE VENDE CASA REMODELADA – AMPLIACIÓN DEL SEVILLANO,https://www.revolico.com/item/se-vende-casa-remodelada-ampliacion-del-sevillano-57371848
53.000 USD 🏡💸SE VENDE PROPIEDAD DE 3 NIVELES EN MARIANAO*  Ubicada cerca de 130 y 35.,https://www.revolico.com/item/se-vende-propiedad-de-3-niveles-en-marianao-ubicada-cerca-de-130-y-35-57371305
25.000 USD 🏡 SE VENDE CASA EN EL CERRO,https://www.revolico.com/item/se-vende-casa-en-el-cerro-57371129
"80.000 USD 🏡 SE VENDE CASA DE 3 NIVELES EN SANTA FE(El Roble), PLAYA 🏡  con el carro incluido",https://www.revolico.com/item/se-vende-casa-de-3-niveles-en-santa-feel-roble-playa-con-el-carro-incluido-57370760
"70.000 USD 🏡 SE VENDE CASA EN ATABEY, PLAYA 🏡",https://www.revolico.com/item/se-vende-casa-en-atabey-playa-57371525
75.000 USD 🏡 *VENTA DE CASA EN ARROYO NARANJO – SEVILLANO*  📌 Ampliación del Sevillano.,https://www.revolico.com/item/venta-de-casa-en-arroyo-naranjo-sevillano-ampliacion-del-sevillano-57370914
65.000 USD 🏠 VENTA DE CASA EN 10 DE OCTUBRE  CON BAR INCLUIDO,https://www.revolico.com/item/venta-de-casa-en-10-de-octubre-con-bar-incluido-57370626
200.000 USD casa en fontanar con respaldo energetico,https://www.revolico.com/item/casa-en-fontanar-54134538
"70.000 USD Apto planta baja vedado ,zona de numeros",https://www.revolico.com/item/apto-planta-baja-vedado-zona-de-numeros-57723104
25.000 USD 🔥🤑GANGA: 2 EN 1 POR EL PRECIO DE 1🔥📞🏠 CASA EN LUYANÓ 2 EN 1 – $25 000 USD,https://www.revolico.com/item/ganga-2-en-1-por-el-precio-de-1-casa-en-luyano-2-en-1-25-000-usd-57683040
35.000 USD Apartamento en playa . la sierra,https://www.revolico.com/item/apartamento-en-playa-la-sierra-55629470
350.000 USD casa en guanabo cerca del mar,https://www.revolico.com/item/casa-en-guanabo-cerca-del-mar-54616796
8.700 USD Venta de apartamentos interior,https://www.revolico.com/item/venta-de-apartamentos-interior-57747184
18.000 USD apto micro en el vedado,https://www.revolico.com/item/apto-micro-en-el-vedado-56076667
60.000 USD propiedad horizontal en playa,https://www.revolico.com/item/propiedad-horizontal-en-playa-56302268
6 USD Se vende casa 6 mil,https://www.revolico.com/item/se-vende-casa-6-mil-57747170
40.000 USD Apartamento de primer piso en el vedado,https://www.revolico.com/item/apartamento-de-primer-piso-en-el-vedado-56222163
45.000 USD 🏢 ¡SE VENDE APARTAMENTO EN EL CORAZÓN DEL VEDADO‼️,https://www.revolico.com/item/se-vende-apartamento-en-el-corazon-del-vedado-57375419
45.000 USD 🏢 Apto en excelente zona del Vedado. Cerca de Línea y A. POR ENCIMA DE LÍNEA‼️,https://www.revolico.com/item/apto-en-excelente-zona-del-vedado-cerca-de-linea-y-a-por-encima-de-linea-57327738
50.000 USD ‼️ALERTA VEDADO CERCA DE 25 Y E.  3/4  2DO PISO PLACA LIBRE ‼️,https://www.revolico.com/item/alerta-vedado-cerca-de-25-y-e-34-2do-piso-placa-libre-56872065
"100.000 USD ‼️REPARTO MARTÍ CASA TOTALMENTE INDEPENDIENTE (299,80m²)‼️GARAGE 5/4 Y MÁS 100MIL USD NEGOCIABLES",https://www.revolico.com/item/reparto-marti-casa-totalmente-independiente-garage-54-y-mas-100mil-usd-negociables-53790608
"875.000 USD SE VENDE CASA INDEPENDIENTE DE LUJO, SALIDA AL MAR, MARINA HEMINGWAY TOTAL 458.7m²",https://www.revolico.com/item/se-vende-casa-independiente-de-lujo-salida-al-mar-marina-hemingway-total-4587m2-56832408
"8.000 USD Se vende apto capitalista en la víbora,  interior,  2  cuartos, 2 baños y 2 cocinas, gas d la calle. Placa libre, se dej",https://www.revolico.com/item/se-vende-apto-capitalista-en-la-vibora-interior-2-cuartos-2-banos-y-2-cocinas-gas-d-la-calle-placa-libre-se-dej-57747109
"40.000 USD Se vende casa independiente.d Dos plantas, 4 cuartos y medio, 2 Baños, 2 cocinas, Terrazas,Garaje Pasillos laterales, Ga",https://www.revolico.com/item/se-vende-casa-independiented-dos-plantas-4-cuartos-y-medio-2-banos-2-cocinas-terrazasgaraje-pasillos-laterales-ga-57747097
"5.500 USD $5500 Se vende  apto con placa libre  de 1/4 interior en lawton cerca de porvenir ,, pasillo  ancho de 2 aptos  ,es el",https://www.revolico.com/item/5500-se-vende-apto-con-placa-libre-de-14-interior-en-lawton-cerca-de-porvenir-pasillo-ancho-de-2-aptos-es-el-57747084
"35.000 USD Se vende Casa Colonial independiente 3 Cuartos, epacio para varios Autos, 2 baños , además d un garaje Cerrado al fondo,",https://www.revolico.com/item/se-vende-casa-colonial-independiente-3-cuartos-epacio-para-varios-autos-2-banos-ademas-d-un-garaje-cerrado-al-fondo-57747075
"11.000 USD Se vende Apto int.1er piso, d 2 Cuartos, Gas Calle, y telf en la Vibora con algunas cosas .adentro  Precio $11 mil  Llam",https://www.revolico.com/item/se-vende-apto-int1er-piso-d-2-cuartos-gas-calle-y-telf-en-la-vibora-con-algunas-cosas-adentro-precio-11-mil-llam-57747071
"12.000 USD Se vende Apto d 2 cuartos, int.,1er piso, Gas Calle en Mayia, cerca d la avenida  Acosta  Precio $ 12 mil Llamar al 5 26",https://www.revolico.com/item/se-vende-apto-d-2-cuartos-int1er-piso-gas-calle-en-mayia-cerca-d-la-avenida-acosta-precio-12-mil-llamar-al-5-26-57747066
"ABRE TU NEGOCIO, ALOJA A TU FAMILIA O AMBAS.",https://www.revolico.com/item/abre-tu-negocio-aloja-a-tu-familia-o-ambas-57747058
"12.000 USD $12 mil ‼️ Se vende Biplanta[en altos],,,es d 2/4, 1 cuarto original y el otro en placa intermedia, placa libre,  gas de",https://www.revolico.com/item/12-mil-se-vende-biplantaen-altoses-d-24-1-cuarto-original-y-el-otro-en-placa-intermedia-placa-libre-gas-de-57747055
10.000 USD Casa en venta,https://www.revolico.com/item/casa-en-venta-57747047
"18.000 USD Se vende casa semindependiente frente de calle, con pared medianera, tiene espacio lateral para adecuarlo para un negoci",https://www.revolico.com/item/se-vende-casa-semindependiente-frente-de-calle-con-pared-medianera-tiene-espacio-lateral-para-adecuarlo-para-un-negoci-57747043
38.000 USD 🏡 CASA COLONIAL BIPLANTA EN LA HABANA VIEJA 🏠,https://www.revolico.com/item/casa-colonial-biplanta-en-la-habana-vieja-57746977
"8.000 USD 🏡*153-Venta de Casa puerta de calle de 3 plantas en Guanabacoa cerca del Parque*  ⌚️*Visitas con antelación, la casa no",https://www.revolico.com/item/153-venta-de-casa-puerta-de-calle-de-3-plantas-en-guanabacoa-cerca-del-parque-visitas-con-antelacion-la-casa-no-57746951
16.000 USD SE VENDE APTO EN CENTRO HABANA,https://www.revolico.com/item/se-vende-apto-en-centro-habana-53346903
50.000 USD Vendo casa biplanta independiente cn garage patio y piscina.lawton,https://www.revolico.com/item/vendo-casa-biplanta-independiente-cn-garage-patio-y-piscinalawton-55362833
13.000 USD Se vende apartamento en infanta y maloja,https://www.revolico.com/item/se-vende-apartamento-en-infanta-y-maloja-53827139
9.000 USD Venta de apto en Nuevo Vedado,https://www.revolico.com/item/venta-de-apto-en-nuevo-vedado-57525642
"28.000 USD Casa en la Víbora en bajos, 3 hab con garaje.",https://www.revolico.com/item/casa-en-la-vibora-3-hab-con-garaje-55492641
60.000 USD Finca en Venta,https://www.revolico.com/item/finca-en-venta-56329391
5.000 USD COMPRO APTO DE 1 CUARTO,https://www.revolico.com/item/compro-apto-de-1-cuarto-54639345
13.000 USD Se vende apartamento en el cerro al lado de la word,https://www.revolico.com/item/se-vende-apartamento-en-el-cerro-al-lado-de-la-word-57677781
"70.000 USD 🏡✨ *VENTA DE CASA – REPARTO RESIDENCIAL ASUNCIÓN, 10 DE OCTUBRE* ✨🏡",https://www.revolico.com/item/venta-de-casa-reparto-residencial-asuncion-10-de-octubre-57605194
15.000 USD 🏠 *VENTA DE APARTAMENTO EN CERRO – REPARTO MARTÍ,https://www.revolico.com/item/venta-de-apartamento-en-cerro-reparto-marti-57727845
10.000 USD Rebajaaa 10 mil,https://www.revolico.com/item/rebajaaa-10-mil-57746685
35.000 USD ***OPORTUNIDAD UNICA*** APTO EN MIRAMAR | 3 NIVELES | 4 HABITACIONES | TERRAZA CON VISTAS,https://www.revolico.com/item/apartamento-en-venta-en-miramar-3-niveles-4-habitaciones-terraza-con-vistas-57362038
40.000 USD SE VENDE CASA INDEPENDIENTE EN MIRAMAR CON MUEBLES DENTRO !!! SOLO REPARAR BAÑO Y COCINA 72032089,https://www.revolico.com/item/se-vende-casa-independiente-en-miramar-con-muebles-dentro-solo-reparar-bano-y-cocina-72032089-57605975
75.000 USD Venta Apto Capitalista+3cuartos+2baños+terraza+patio de servicio!! Miramar,https://www.revolico.com/item/venta-apto-capitalista3cuartos2banosterrazapatio-de-servicio-57153457
"20.000 USD 🏠 APARTAMENTO EN VENTA | #234 VEDADO, PLAZA",https://www.revolico.com/item/apartamento-en-venta-234-vedado-plaza-57719105
"26.000 USD 🏠 APARTAMENTO AMUEBLADO EN VENTA | #243 VEDADO, PLAZA",https://www.revolico.com/item/apartamento-amueblado-en-venta-vedado-plaza-57703505
25.000 USD 🏢 APARTAMENTO EN VENTA | #244 CENTRO HABANA – PUEBLO NUEVO,https://www.revolico.com/item/apartamento-en-venta-centro-habana-pueblo-nuevo-57703368
"22.000 USD 🏡 APARTAMENTO 2 EN 1 | #179 PALATINO, CERRO",https://www.revolico.com/item/apartamento-2-en-1-palatino-cerro-57714596
6.000 CUP Se vende apto 1 cuarto planta baja cerro,https://www.revolico.com/item/se-vende-apto-1-cuarto-planta-baja-cerro-57573623
25.000 USD 🏠 CASA EN ALTO EN VENTA | #225 CENTRO HABANA,https://www.revolico.com/item/casa-en-alto-en-venta-225-centro-habana-57746431
1 CUP Casa biplanta en venta,https://www.revolico.com/item/casa-biplanta-en-venta-57352014
5.000 USD VENDO APARTAMENTO. LA LISA. SAN AGUSTÍN.,https://www.revolico.com/item/vendo-apartamento-la-lisa-san-agustin-56381309
"30.000 USD 🏡 APARTAMENTO EN VENTA | #229 KOHLY, PLAYA",https://www.revolico.com/item/apartamento-en-venta-229-kohly-playa-57746293
"20.500 USD Apto en la zona de Ampliación Marbella , Guanabo !!!",https://www.revolico.com/item/apto-en-la-zona-de-ampliacion-marbella-guanabo-53551320
250.000 USD Propiedad en el corazón de la zona comercial de Miramar !!!,https://www.revolico.com/item/propiedad-en-el-corazon-de-la-zona-comercial-de-miramar-55022775
40.000 USD Apto en (PLANTA BAJA CON PARQUEO PRIVADO) cerca de Zapata y C !!!,https://www.revolico.com/item/apto-en-planta-baja-con-parqueo-privado-cerca-de-zapata-y-c-55022920
"30.000 USD OPORTUNIDAD ÚNICA EN LA HABANA VIEJA! ARTE, ESPACIO E INVERSIÓN EN CALLE MONTE",https://www.revolico.com/item/oportunidad-unica-en-la-habana-vieja-arte-espacio-e-inversion-en-calle-monte-56480533
"16.000 USD Biplanta en altos, cercano a la Calzada de 10/10 en Sevillano !!!",https://www.revolico.com/item/biplanta-en-altos-cercano-a-la-calzada-de-1010-en-sevillano-52327787
"14.000 USD OPORTUNIDAD EN LA CEIBA, PLAYA! APARTAMENTO EN BAJOS SE DEJA CON TODO DENTRO !!!",https://www.revolico.com/item/oportunidad-en-la-ceiba-playa-apartamento-en-bajos-se-deja-con-todo-dentro-56480597
45.000 USD AMPLIA CASA INDEPENDIENTE EN VÍBORA PARK POR 45 000 !!!,https://www.revolico.com/item/amplia-casa-independiente-en-vibora-park-por-45-000-56738436
"35.000 USD Apartamento en altos en Playa, cerca de 31, 41 y 44 !!!",https://www.revolico.com/item/apartamento-en-altos-en-playa-cerca-de-31-41-y-44-54058870
"30.000 USD TRES EN UNO EN CALLE MONTE! VIVE, ALQUILA O EMPRENDE EN LA HABANA VIEJA !!!",https://www.revolico.com/item/tres-en-uno-en-calle-monte-vive-alquila-o-emprende-en-la-habana-vieja-56447734
"30.000 USD Oportunidad en Santo Suárez.  En venta amplio biplanta en bajos del año 1940, con 84,51 m² y excelente ubicación !!!",https://www.revolico.com/item/oportunidad-en-santo-suarez-en-venta-amplio-biplanta-en-bajos-del-ano-1940-con-8451-m2-y-excelente-ubicacion-52642522
12.500 USD Vendo apartamento de 4 cuartos,https://www.revolico.com/item/vendo-apartamento-de-4-cuartos-55165765
50.000 USD Apartamento en venta,https://www.revolico.com/item/apartamento-en-venta-57672764
15 USD Almohadas hipoalergenica,https://www.revolico.com/item/almohadas-hipoalergenica-57392937
8.500 USD SE VENDE APTO 2/4 CENTRO HABANA ‼️ 8500USD LLEGAR Y VIVIR,https://www.revolico.com/item/se-vende-apto-24-centro-habana-llegar-y-vivir-56685504
45.000 USD Vendo Casa en Santa Fe Playa,https://www.revolico.com/item/vendo-casa-en-santa-fe-playa-57745787
50.000 USD Tres casas en una sola propiedad,https://www.revolico.com/item/tres-casas-en-una-sola-propiedad-57745786
4.000 USD 📢 VENDO APT EN ALAMAR 📢,https://www.revolico.com/item/permuta-apt-en-alamar-56428787
120.000 USD CASA INDEPENDIENTE EN PLAYA,https://www.revolico.com/item/casa-independiente-en-playa-57092455
50.000 USD Venta se casas en la habana vieja,https://www.revolico.com/item/venta-se-casas-en-la-habana-vieja-57745622
350.000 USD Casa Hostal con restaurante con todo adentro en el vedado,https://www.revolico.com/item/casa-hostal-con-todo-adentro-en-el-vedado-47358934
12.000 USD apto en 5 piso en 20 de mayo,https://www.revolico.com/item/apto-en-5-piso-en-20-de-mayo-55195992
3.000 USD Casa en la lisa 1 cuarto cerca de ave 51,https://www.revolico.com/item/casa-en-la-lisa-1-cuarto-cerca-de-ave-51-55019366
40.000 USD Apto en el vedado (SOLO ACEPTO EUROS),https://www.revolico.com/item/apto-en-el-vedado-54996728
6.500 USD Casa en la lisa x el Frank pais,https://www.revolico.com/item/casa-en-la-lisa-x-el-frank-pais-56470301
14.000 USD Venta de casa,https://www.revolico.com/item/venta-de-casa-57745510
12.000 USD Casa en la lisa cerca del Ditu,https://www.revolico.com/item/casa-en-la-lisa-cerca-del-ditu-57344065
5.500 USD Casa con finquita Techo ligero en Barbosa san Agustín LISA,https://www.revolico.com/item/casa-con-finquita-techo-ligero-en-barbosa-san-agustin-lisa-56557445
10.000 USD Casa independiente 3 cuartos 2 baños lisa Arroyo arenas,https://www.revolico.com/item/casa-independiente-3-cuartos-2-banos-lisa-arroyo-arenas-54861641
45.000 USD Venta de finca en el municipio boyeros,https://www.revolico.com/item/venta-de-finca-en-el-municipio-boyeros-57745415
"80.000 USD Casa en el Vedado independiente Construction capital placa 5 cuartos , 4 baños , 300m2 ,garaje,jardín patio cisterna",https://www.revolico.com/item/se-vende-o-se-permuta-y-un-vuelto-grande-por-algo-pequeno-vedado-o-playa-casa-independiente-vedado-construction-capital-56606758
280.000 USD casa en guanabo,https://www.revolico.com/item/casa-independiente-en-guanabo-56103895
80.000 USD casa independiente en playa con respaldo energetico,https://www.revolico.com/item/casa-independiente-en-playa-53284951
10.000 USD Vendo apartamento en Playa,https://www.revolico.com/item/vendo-apartamento-en-playa-57198596
10.000 USD Apartamento piso 10 en 20 de mayo,https://www.revolico.com/item/apartamento-piso-10-en-20-de-mayo-55891933
7.000 USD Cuarto piso 2 cuartos en la coronela,https://www.revolico.com/item/cuarto-piso-2-cuartos-en-la-coronela-55527277
1 USD Se vende casa en la Habana,https://www.revolico.com/item/se-vende-casa-en-la-habana-56694641
24.000 USD Apartamento en Playa,https://www.revolico.com/item/apartamento-en-playa-57590855
56.000 USD Venta de casa en el Náutico,https://www.revolico.com/item/venta-de-casa-en-el-nautico-57591293
38.000 USD Apartamento en Marianao,https://www.revolico.com/item/apartamento-en-marianao-57591437
"75.000 USD Venta de casa en Playa, La Ceiba",https://www.revolico.com/item/venta-de-casa-en-playa-la-ceiba-57591527
23.000 USD Apto en playa en 74,https://www.revolico.com/item/apto-en-playa-en-74-57574230
40.000 USD 🏠 Casa en venta – VEDADO,https://www.revolico.com/item/casa-en-venta-vedado-55118620
25.000 USD apto en alto en lawton,https://www.revolico.com/item/apto-en-alto-en-lawton-57022144
100.000 USD Casa apto bajos de un biplanta en playa,https://www.revolico.com/item/casa-apto-bajos-de-un-biplanta-en-playa-56808610
85.000 USD Casa con todo adentro,https://www.revolico.com/item/casa-con-todo-adentro-57745229
10.000 USD GANGAAA EN SUPER ZONA DE PLAYA.APARTAMENTO DE 2CUARTOS EN PRIMER PISO.IDEAL PARA MATRIMONIO CON NIÑOS.OFERTAZOOO.,https://www.revolico.com/item/gangaaa-en-super-zona-de-playaapartamento-de-2cuartos-en-primer-pisoideal-para-matrimonio-con-ninosofertazooo-57745210
1 USD Venta de casa en Playa,https://www.revolico.com/item/venta-de-casa-en-playa-57525662
23.500 USD #216 🏠 SE VENDE CASA DE 3/4 FRENTE A LA TERMINAL 2 DEL AEROPUERTO. BOYEROS.📍Ubicación:  Calixto Sánchez.,https://www.revolico.com/item/216-se-vende-casa-de-34-frente-a-la-terminal-2-del-aeropuerto-boyerosubicacion-calixto-sanchez-57745156
3.000 USD Compro,https://www.revolico.com/item/compro-57745120
23.000 USD Apartamento de 3 habitaciones en el Cerro súper céntrico,https://www.revolico.com/item/apartamento-de-3-habitaciones-en-el-cerro-super-centrico-57612506
"10.000 USD SUPERRR GANGA EN SUPER ZONA DE PLAYA.APARTAMENTO EN PRIMER PISO,2 CUARTOS.IDEAL PARA MATRIMONIO CON NIÑOS.",https://www.revolico.com/item/superrr-ganga-en-super-zona-de-playaapartamento-en-primer-piso2-cuartosideal-para-matrimonio-con-ninos-57744994
22.000 USD Se vende casa en Centro Habana 1er piso,https://www.revolico.com/item/se-vende-casa-en-centro-habana-1er-piso-57247319
250.000 USD finca con todo adentro en el chico,https://www.revolico.com/item/finca-con-todo-adentro-49416766
"55.000 USD Venta de apto de 5/4 en Vedado,Plaza",https://www.revolico.com/item/venta-de-apto-de-54-en-vedadoplaza-57093603
50.000 USD PROPIEDAD INDEPENDIENTE,https://www.revolico.com/item/propiedad-independiente-50765666
70 USD Se vende casa en 10 de octubre,https://www.revolico.com/item/se-vende-casa-en-10-de-octubre-56774063
65.000 USD casa capitalista en guanabo,https://www.revolico.com/item/casa-capitalista-en-guanabo-56224460
7.000 USD APARTAMENTO DE 1 CUARTO EN BAJOS CÓMODO EN SUPER ZONA DE PLAYA.IDEAL PARA PERSONAS MAYORES O MATRIMONIO.,https://www.revolico.com/item/apartamento-de-1-cuarto-en-bajos-comodo-en-super-zona-de-playaideal-para-personas-mayores-o-matrimonio-57744827
85.000 USD Apto en 27 y 6 Vedado,https://www.revolico.com/item/apto-en-27-y-6-vedado-56863877
7.000 USD VENDO APARTAMENTO DE 1 CUARTO EN BAJOS CÓMODO EN SUPER ZONA DE PLAYA.IDEALLL PARA PERSONAS MAYORES O MATRIMONIO.,https://www.revolico.com/item/vendo-apartamento-de-1-cuarto-en-bajos-comodo-en-super-zona-de-playaidealll-para-personas-mayores-o-matrimonio-57744787
16.000 USD Oportunidad de oro para lograr independecia,https://www.revolico.com/item/oportunidad-de-oro-para-lograr-independecia-57514848
140.000 USD Vistaaaa privilegiada en el Vedado.,https://www.revolico.com/item/vistaaaa-privilegiada-en-el-vedado-57663646
"30.000 USD • LR006   🏢 Apartamento en Venta – Prado y Malecón, La Habana",https://www.revolico.com/item/lr006-apartamento-en-venta-prado-y-malecon-la-habana-56885880
150.000 USD 🏠 Venta o Cambio Casa Playa – 3 Hab + Piscina – 150k USD ¡Mejores precios y calidad conmigo!,https://www.revolico.com/item/venta-o-cambio-casa-playa-3-hab-piscina-150k-usd-mejores-precios-y-calidad-conmigo-56661151
"6.000 USD Apartamento de dos cuartos, terraza y azotea libre en CH!!",https://www.revolico.com/item/apartamento-de-dos-cuartos-terraza-y-placa-libre-en-ch-54885074
27.000 USD Venta de casa independiente en reparto Escala Guanabacoa. Soy la propietaria.,https://www.revolico.com/item/venta-de-casa-independiente-en-guanabacoa-soy-la-propietaria-57744615
5.900 USD Apartamento remodelado un cuarto amplio,https://www.revolico.com/item/apartamento-remodelado-un-cuarto-amplio-55956134
40 USD Vendo 2 casas y un apartamento,https://www.revolico.com/item/vendo-2-casas-y-un-apartamento-55914002
24.000 USD Se vende casa de 2 plantas a una cuadra de la calzada de 10 de Octubre,https://www.revolico.com/item/se-vende-casa-de-2-plantas-a-una-cuadra-de-la-calzada-de-10-de-octubre-57744549
1 USD Encuentra tu 🏠 en C&J HOUSE 🏘🏢🏡,https://www.revolico.com/item/encuentra-tu-en-cj-house-57366519
1 USD C&J HOUSE 🏡 Trae mucho con demasiado,https://www.revolico.com/item/cj-house-trae-mucho-con-demasiado-57514158
8.000 USD En Venta (un 1re piso ),https://www.revolico.com/item/en-venta-55116182
"45.000 USD Venta APTO VÍBORA MÓNACO 3/4, 2 BALCONES, 3 BAÑOS, 1ER PISO GARAGE DE LUJO 53356139",https://www.revolico.com/item/venta-apto-vibora-monaco-34-2-balcones-3-banos-1er-piso-garage-de-lujo-53356139-57720850
50 USD VENTA DE APTO EN EL VEDADO CERCA DE 25 Y E LIBRE DE APAGONES. 3 HAB. 2DO Y ÚLTIMO PISO PLACA LIBRE 53614857,https://www.revolico.com/item/venta-de-apto-en-el-vedado-cerca-de-25-y-e-3-hab-2do-y-ultimo-piso-placa-libre-53614857-56871784
45.000 USD Venta de apto en el vedado cerca de linea y A por encima de linea 1er piso exterior 2/4. Capitalista 53614857,https://www.revolico.com/item/venta-de-apto-en-el-vedado-cerca-de-linea-y-a-1er-piso-exterior-sin-balcon-24-capitalista-53614857-57323827
"1 USD GESTIONAMOS LA VENTA DE TU VIVIENDA. 6 AÑOS DE EXPERIENCIA! SI VENDES EN PLAYA, PLAZA O CENTRO HABANA llámanos 53614857",https://www.revolico.com/item/gestionamos-la-venta-de-tu-vivienda-6-anos-de-experiencia-si-vendes-en-playa-plaza-o-centro-habana-llamanos-53614857-57254062
45.000 USD Venta APTO Vedado 1er piso cercano a 25 y O. 2/4 valla de Garage 53356139,https://www.revolico.com/item/venta-apto-vedado-1er-piso-cercano-a-25-y-o-24-valla-de-garage-53356139-57374108
97.500 USD EN VENTA CASA DE LUJO,https://www.revolico.com/item/se-vende-57388622
10.500 USD Venta o compraventa (interior),https://www.revolico.com/item/venta-o-compraventa-interior-56793016
8.000 USD COMPRO APARTAMENTO EN VEDADO O HABANA VIEJA,https://www.revolico.com/item/compro-apartamento-en-vedado-o-habana-vieja-57744422
20.000 USD Apartamento 2 cuartos Nuevo Vedado La Timba,https://www.revolico.com/item/apartamento-2-cuartos-nuevo-vedado-la-timba-55494551
8.500 USD Vendo finca en alamar,https://www.revolico.com/item/vendo-finca-en-alamar-56307046
30 USD Venta de casas independiente en Playa,https://www.revolico.com/item/venta-de-casas-independiente-en-playa-57744158
1 USD Vendo casa en playa,https://www.revolico.com/item/vendo-casa-en-playa-57744052
"30.000 USD #224 🏡¡CASA EN VENTA EN PÁRRAGA, ARROYO NARANJO! Independiente, placa libre, 556 m² terreno+apartamento independiente",https://www.revolico.com/item/224-casa-en-venta-en-parraga-arroyo-naranjo-independiente-placa-libre-556-m2-terrenoapartamento-independiente-57743986
30.000 USD FINCA EN VENTA CERCA DE LA UCI CON VIVIENDA Y LAGUNA,https://www.revolico.com/item/for-sale-2-hectare-freehold-property-havana-cuba-56317248
80.000 USD TRES FINCAS EN UNA | OPORTUNIDAD DE INVERSIÓN,https://www.revolico.com/item/tres-fincas-en-una-oportunidad-de-inversion-56929384
70.000 USD Casa Independiente Playa + 70 mil NEGOCIABLES + Amueblada + Paneles Solares | 70 000 USD NEGOCIABLES,https://www.revolico.com/item/casa-independiente-playa-kia-picanto-amueblada-paneles-solares-100-000-usd-56596544
70.000 USD Casa en venta en Santo Suárez | 4 habitaciones | Amueblada |PLANTA ELÉCTRICA A GAS Lada + Jawa Sidecar incluidos,https://www.revolico.com/item/casa-en-venta-en-santo-suarez-4-habitaciones-amueblada-lada-jawa-sidecar-incluidos-56667828
15.000 USD Apartamento,https://www.revolico.com/item/apartamento-57653063
123 USD Vendo casa en playa,https://www.revolico.com/item/vendo-casa-en-playa-57743920
123 USD Vendo casa en playa,https://www.revolico.com/item/vendo-casa-en-playa-57743919
20.000 USD Casona en Infanta,https://www.revolico.com/item/casona-en-infanta-57475110
"20 USD 💥 *Super Oferta*💥  🏡  *Casa en Buena vista, Playa* 🔥🔥    *Precio :*  *20.000  USD",https://www.revolico.com/item/super-oferta-casa-en-buena-vista-playa-precio-20000-usd-57743720
52849429 Venta de Casa en Miramar... Consta de 5 cuartos amplios y 2 baños en la planta de arriba. Abajo ... Sala grande,https://www.revolico.com/item/52849429-venta-de-casa-en-miramar-consta-de-5-cuartos-amplios-y-2-banos-en-la-planta-de-arriba-abajo-sala-grande-57743706
20.000 USD Se vende casa en Marianao,https://www.revolico.com/item/se-vende-casa-en-marianao-57093224
300.000 USD Excelente propiedad en Santo Suarez de 7/4,https://www.revolico.com/item/excelente-propiedad-en-santo-suarez-de-74-51791692
11.000 USD Vendo dos apartamento en centro habana!,https://www.revolico.com/item/vendo-dos-apartamento-en-centro-habana-56428701
35.000 USD Se vende casa en Santo Suarez,https://www.revolico.com/item/se-vende-casa-en-santo-suarez-57427179
15.000 USD Venta de apartamento,https://www.revolico.com/item/venta-de-apartamento-57247479
"Se vende casa de 2/4 en Lawton,  10/10",https://www.revolico.com/item/se-vende-casa-de-24-en-lawton-1010-57201971
60.000 USD 🏡 CASA INDEPENDIENTE EN GUANABACOA + PLYMOUTH 49 |,https://www.revolico.com/item/casa-independiente-en-guanabacoa-plymouth-1949-57743426
12.000 USD Venta de apartamento,https://www.revolico.com/item/venta-de-apartamento-56996386
"20.000 USD Casa en Versalles, La Lisa.",https://www.revolico.com/item/casa-en-versalles-la-lisa-56996979
"15.000 USD Casa en el rpto. California, San Miguel",https://www.revolico.com/item/casa-en-el-rpto-california-san-miguel-56996936
30.000 USD Apartamento en el Vedado,https://www.revolico.com/item/apartamento-en-el-vedado-56996871
"20.000 USD Casa en Versalles, La Lisa.",https://www.revolico.com/item/casa-en-versalles-la-lisa-56996978
50.000 USD Casa en Los Pinos en 50 mil USD.,https://www.revolico.com/item/casa-en-los-pinos-en-50-mil-usd-57743330
"8.000 USD 🏡 ¡Oportunidad! Se vende apartamento en Versalles, La Lisa",https://www.revolico.com/item/oportunidad-se-vende-apartamento-en-versalles-la-lisa-56547021
200 USD ALQUILER de apartamento.,https://www.revolico.com/item/venta-de-apartamento-55887523
"Casa en venta San Cristóbal, Artemisa, de 3 cuartos",https://www.revolico.com/item/casa-en-venta-san-cristobal-artemisa-3-cuartos-57589854
45.000 USD Venta de Casa con Negocio en Diez de Octubre cerca al parque Mónaco por solo 45000 usd,https://www.revolico.com/item/venta-de-casa-con-negocio-en-diez-de-octubre-cerca-al-parque-monaco-por-solo-45000-usd-57040848
55.000 USD Se vende casa cerca de la esquina de tejas🏡📍,https://www.revolico.com/item/se-vende-casa-cerca-de-la-esquina-de-tejas-57041005
24.000 USD Se vende casa en planta baja en centro habana 1er apartamento de un edificio moderno de 9 apartamentos !,https://www.revolico.com/item/se-vende-casa-en-planta-baja-en-centro-habana-1er-apartamento-de-un-edificio-moderno-de-9-apartamentos-57040689
75.000 USD Se vende casa en  Vedado 📍🏡,https://www.revolico.com/item/se-vende-casa-en-vedado-57040625
45.000 USD Se vende apartamento en 2 do piso en centro habana por concordia📍🏡,https://www.revolico.com/item/se-vende-apartamento-en-2-do-piso-en-centro-habana-por-concordia-57040751
70.000 USD Casa en venta en 10 de octubre*,https://www.revolico.com/item/casa-en-venta-en-10-de-octubre-57040504
9.000 USD Venta de apartamento en Centro habana (La victoria)p005,https://www.revolico.com/item/venta-de-apartamento-en-centro-habana-la-victoriap005-57743081
18.000 USD SE VENDE CASA,https://www.revolico.com/item/se-vende-casa-57692752
8.000 USD SE VENDE APARTAMENTO,https://www.revolico.com/item/se-vende-apartamento-57692637
21 USD Venta de apartamento en 10 de Octubre,https://www.revolico.com/item/venta-de-apartamento-en-10-de-octubre-57290755
8.500 USD SE VENDE APARTAMENTO,https://www.revolico.com/item/se-vende-apartamento-57692600
11.000 USD Venta de casas y apartamentos,https://www.revolico.com/item/venta-de-casas-y-apartamentos-57290851
70.000 USD SE VENDE CASA,https://www.revolico.com/item/se-vende-casa-57692514
40.000 USD venta de casa #2,https://www.revolico.com/item/venta-de-casa-57145510
10.000 USD casa en venta #4,https://www.revolico.com/item/casa-en-venta-57145458
11.000 USD Vendo casita  puerta  calle,https://www.revolico.com/item/vendo-casita-puerta-calle-56964819
22.000 USD Vendo casa independiente  de 4 cuarto 3baño,https://www.revolico.com/item/vendo-casa-independiente-de-4-cuarto-3bano-57703669
40.000 USD SE VENDE APARTAMENTO,https://www.revolico.com/item/se-vende-apartamento-57692435
9.000 USD Vendo apartamento  de 2 cuarto  .c habana,https://www.revolico.com/item/vendo-apartamento-de-2-cuarto-c-habana-56787251
25.000 USD Vendo 2 apartamento por 25mil   con todo adentro,https://www.revolico.com/item/vendo-2-apartamento-por-25mil-con-todo-adentro-57498824
11.000 USD Vendo apartamento  de 2 cuarto  naturales,https://www.revolico.com/item/vendo-apartamento-de-2-cuarto-naturales-57704092
16.000 USD Apartamento de 3 cuartos en San Agustin,https://www.revolico.com/item/apartamento-de-3-cuartos-en-san-agustin-56395716
20.000 USD Casa en Buena vista,https://www.revolico.com/item/casa-en-buena-vista-playa-57719102
45.000 USD SE VENDE APARTAMENTO,https://www.revolico.com/item/se-vende-apartamento-57692377
16.000 USD SE VENDE APARTAMENTO,https://www.revolico.com/item/se-vende-apartamento-57692318
18.000 USD SE VENDE CASA,https://www.revolico.com/item/se-vende-casa-57480513
13.500 USD SE VENDE APARTAMENTO,https://www.revolico.com/item/se-vende-apartamento-57692239
15.000 USD SE VENDE CASA,https://www.revolico.com/item/se-vende-casa-57506152
30.000 USD SE VENDE CASA,https://www.revolico.com/item/se-vende-casa-57506064
20.000 USD Venta de casa en C. Habana,https://www.revolico.com/item/venta-de-casa-en-c-habana-52424192
28.000 USD Apartamento de 2 cuartos,https://www.revolico.com/item/apartamento-de-2-cuartos-53378600
28 USD Apartamento en zona muy buena de La Habana!!!,https://www.revolico.com/item/apartamento-en-zona-muy-buena-de-la-habana-53310035
35.000 USD Venta de casa en 10 de Octubre,https://www.revolico.com/item/venta-de-casa-en-10-de-octubre-57617994
80.000 USD 🔴Casa Grande para Almacén 240m²📦,https://www.revolico.com/item/casa-grande-para-almacen-240m2-56416044
13.000 USD Casa en Lawton interior cerca de la calzada,https://www.revolico.com/item/casa-en-lawton-interior-cerca-de-la-calzada-57742702
35.000 USD Apartamento en la calle paseo,https://www.revolico.com/item/apartamento-en-la-calle-paseo-57742644
2.500 USD Vendo boveda em cementerio de colon,https://www.revolico.com/item/vendo-boveda-em-cementerio-de-colon-57135863
600 USD Vendo osario en cementerio de colon,https://www.revolico.com/item/vendo-osario-en-cementerio-de-colon-57174066
10.500 USD Casa en santo Suárez interior,https://www.revolico.com/item/casa-en-santo-suarez-interior-57742565
30.000 USD Casa en centro Habana 3 cuadras de reina,https://www.revolico.com/item/casa-en-centro-habana-3-cuadras-de-reina-57742508
"Vendo apto de 3 cuartos  Altahabana, amueblado ,nada de intermediarios ,interesados llamar al+53 5 4328353  USD O EUROS",https://www.revolico.com/item/vendo-apto-de-3-cuartos-altahabana-amueblado-nada-de-intermediarios-interesados-llamar-al53-5-4328353-usd-o-euros-57742442
6.500 USD Casa en Guanabacoa,https://www.revolico.com/item/casa-en-guanabacoa-57742429
13.500 USD Casa en alamar zona 11,https://www.revolico.com/item/casa-en-alamar-zona-11-57742403
"8.000 USD Se vende apartamento, en San Agustin, La Lisa, 2do piso",https://www.revolico.com/item/se-vende-apartamento-en-san-agustin-la-lisa-2do-piso-57509351
"50.000 USD 🏡 ¡FRENTE AL MAR EN EL NÁUTICO! Casa en Bajos (2 Hab) – Listo para Vivir, Confort y Autonomía Total 🌊",https://www.revolico.com/item/frente-al-mar-en-el-nautico-casa-en-bajos-2-hab-listo-para-vivir-confort-y-autonomia-total-55991777
8.000 USD 🏡 *CASA INDEPENDIENTE EN MARIANAO 2 NIVELES*,https://www.revolico.com/item/casa-independiente-en-marianao-2-niveles-57322007
30.000 USD Vendo casa en playa Buenavista,https://www.revolico.com/item/vendo-casa-en-playa-buenavista-57742266
"2.500 USD Se vende casita en bajos de 2 cuartos en Romerillo, Playa",https://www.revolico.com/item/se-vende-casita-en-bajos-de-2-cuartos-en-romerillo-playa-55726528
70.000 USD Vendo casa independiente,https://www.revolico.com/item/vendo-casa-independiente-57742163
3.700 USD Vendo apto vedado,https://www.revolico.com/item/vendo-apto-vedado-57742140
45.000 USD VENDO CASA (2 en 1 propiedad). Playa. Ampliación Almendares,https://www.revolico.com/item/vendo-casa-2-en-1-propiedad-playa-ampliacion-almendares-56732033
Casa independiente en venta en Santo Suárez.,https://www.revolico.com/item/casa-independiente-en-venta-en-santo-suarez-57257044
Se vende apartamento en Santo Suárez.,https://www.revolico.com/item/se-vende-apartamento-en-santo-suarez-57397289
Se vende apartamento en el Sevillano.,https://www.revolico.com/item/se-vende-apartamento-en-el-sevillano-57397218
Apartamento en venta en el Sevillano.,https://www.revolico.com/item/apartamento-en-venta-en-el-sevillano-57256046
Apartamento interior en venta en Santo Suárez.,https://www.revolico.com/item/apartamento-interior-en-venta-en-santo-suarez-57256630
Apartamento interior en la Calzada de 10 de Octubre.,https://www.revolico.com/item/apartamento-interior-en-la-calzada-de-10-de-octubre-57256279
"Propiedad en venta en el Sevillano, 10 de Octubre",https://www.revolico.com/item/propiedad-en-venta-en-el-sevillano-10-de-octubre-55863863
Casa Independiente en venta en Sevillano.,https://www.revolico.com/item/casa-independiente-en-venta-en-sevillano-57256742
Propiedad Independiente en Lawton.,https://www.revolico.com/item/propiedad-independiente-en-lawton-57255951
36 USD Casa en Venta,https://www.revolico.com/item/casa-en-venta-53525172
"700 USD Renta de local en Obispo, cerca de la Feria de Artesanos,",https://www.revolico.com/item/renta-de-local-en-obispo-cerca-de-la-feria-de-artesanos-56428264
75.000 USD Centro Habana Vendo Inmueble Multiuso,https://www.revolico.com/item/centro-habana-vendo-inmueble-multiuso-57090821
Vedado - vendo propriedad habilitada para restaurante y casa,https://www.revolico.com/item/vedado-vendo-propriedad-habilitada-para-restaurante-y-casa-56594748
Vendo tres apartamentos en un mismo edificio en el vedado..,https://www.revolico.com/item/vendo-tres-apartamentos-en-un-mismo-edificio-en-el-vedado-57741952
250.000 USD Casas en venta en Mariel con salida directa al mar | 200 m²,https://www.revolico.com/item/casas-en-venta-en-mariel-con-salida-directa-al-mar-200-m2-56742255
150 USD VENDO DEPARTAMENTO 4 HAB VEDADO CERCA DE HOSPITALES,https://www.revolico.com/item/vendo-departamento-4-hab-vedado-cerca-de-hospitales-57633581
32.000 USD Casa en bajos de biplanta a 1/2 de stos suarez,https://www.revolico.com/item/casa-en-bajos-de-biplanta-a-12-de-stos-suarez-57741805
32.000 USD Casa en bajos de biplanta a 1/2 de stos suarez,https://www.revolico.com/item/casa-en-bajos-de-biplanta-a-12-de-stos-suarez-57741804
250.000 USD Propiedsd Horizontal en el vedado.,https://www.revolico.com/item/propiedsd-horizontal-en-el-vedado-57741773
Vendo local en avenidad 26 en el vedado..,https://www.revolico.com/item/vendo-local-en-avenidad-26-en-el-vedado-57573731
En venta apartamento en el vedado..,https://www.revolico.com/item/en-venta-apartamento-en-el-vedado-57706144
16 USD Vendo local en la avenida 26 en el vedado,https://www.revolico.com/item/vendo-local-en-la-avenida-26-en-el-vedado-56750346
"150 USD VENDO EN EL VEDADO ,ZONA DE LETRAS",https://www.revolico.com/item/vendo-en-el-vedado-zona-de-letras-57741752
45.000 USD Casa independiente 2 plantas,https://www.revolico.com/item/vendo-casa-biplanta-la-parte-de-abajo-en-reparto-la-asuncion-lawton-10-de-octubre-construccion-capitalista-52904872-47435832
"15.000 USD 🏡 Oportunidad Única en Consolación del Sur Se vende una excelente propiedad con placa libre, ideal para quienes buscan",https://www.revolico.com/item/oportunidad-unica-en-consolacion-del-sur-se-vende-una-excelente-propiedad-con-placa-libre-ideal-para-quienes-buscan-50860667
"9.000 USD ‎🟠 VEX HABANA INMOBILIARIA – OPORTUNIDAD DE INVERSIÓN EN CENTRO HABANA 🟠 ‎ ‎📍 Centro Habana, La Habana ‎ ‎---",https://www.revolico.com/item/vex-habana-inmobiliaria-oportunidad-de-inversion-en-centro-habana-centro-habana-la-habana-57741613
"700.000 USD CASA INDEPENDIENTE EN VENTAu EN LA HABANA | 6 HABITACIONES, 7 BAÑOS Y MÁS DE 1.100 m²",https://www.revolico.com/item/casa-independiente-en-venta-en-la-habana-6-habitaciones-7-banos-y-mas-de-1100-m2-56743181
"40.000 USD Casa amplia y funcional de dos plantas en venta (Lawton-10 de Octubre), excelentes condiciones constructivas y servicios",https://www.revolico.com/item/casa-amplia-y-funcional-de-dos-plantas-en-venta-lawton-10-de-octubre-excelentes-condiciones-constructivas-y-servicios-57252610
"275.000 USD Apartamento de Lujo 230 m² | 3 Habitaciones con Baño Privado | Venta USD 275,000 | Alquiler USD 2,300",https://www.revolico.com/item/apartamento-de-lujo-230-m2-3-habitaciones-con-bano-privado-venta-usd-275000-alquiler-usd-2300-56359827
200.000 USD Casa independiente en Playa Precio inicial 200 mil usd con garaje y auto incluido,https://www.revolico.com/item/casa-independiente-en-playa-con-garaje-y-auto-incluido-57134877
23.000 USD Vendo Apartamento 23 mil Centro Habana,https://www.revolico.com/item/vendo-apartamento-23-mil-centro-habana-57741275
7.000 USD Se vende Apto en el Cerro,https://www.revolico.com/item/se-vende-apto-en-el-cerro-55352692
15.000 USD Vendo Apartamento 15000 usd Centro Habana,https://www.revolico.com/item/vendo-apartamento-15000-usd-centro-habana-57741226
6.000 USD Apartamento. En el Casino deportivo.,https://www.revolico.com/item/apartamento-en-el-casino-deportivo-56251541
"1 USD CASAS Y APARTAMENTOS EN VENTA EN LA HABANA Y ARTEMISA  ¿Buscas comprar casa, apartamento, finca, terreno o propiedad?",https://www.revolico.com/item/casas-y-apartamentos-en-venta-en-la-habana-y-artemisa-buscas-comprar-casa-apartamento-finca-terreno-o-propiedad-56859530
"60.000 USD Casa independiente de 2 plantas CERCA DEL SEMÁFORO DE PERLA , Arroyo Naranjo",https://www.revolico.com/item/casa-independiente-de-2-plantas-cerca-del-semaforo-de-perla-arroyo-naranjo-57183937
1 CUP VENDO CASA DE LUJO CON PISCINA GRANDE EN GUANABO CON TODO DE LUJO ADENTRO,https://www.revolico.com/item/vendo-casa-de-lujo-con-piscina-grande-en-guanabo-57213507
85.000 USD Casa en venta,https://www.revolico.com/item/casa-en-venta-57740948
13.500 USD Venta de Apartamento en Centro Habana,https://www.revolico.com/item/venta-de-apartamento-en-centro-habana-57740936
7.000 USD *Casa en guanabacoa*,https://www.revolico.com/item/casa-en-guanabacoa-57740907
60.000 USD Casa en venta,https://www.revolico.com/item/casa-en-venta-57740890
15.000 USD Venta de Apartamento en Centro Habana (La victoria ) ⚫️p009⚫️,https://www.revolico.com/item/venta-de-apartamento-en-centro-habana-la-victoria-p009-57740889
11.000 USD Venta de Casa en Centro Habana (a dos cuadras de Carlos ||| y Zanja ) ⚫️p010⚫️,https://www.revolico.com/item/venta-de-casa-en-centro-habana-a-dos-cuadras-de-carlos-y-zanja-p010-57740825
12.000 USD VENTA DE CASA PUERTA CALLE EN VENTA – CENTRO HABANA (la victoria) ⚫️p012⚫️,https://www.revolico.com/item/venta-de-casa-puerta-calle-en-venta-centro-habana-la-victoria-p012-57740760
"85.000 USD 🏡🔥 ¡CASA EN VENTA EN ATABEY, PLAYA! 🔥🏡",https://www.revolico.com/item/casa-en-venta-en-atabey-playa-57740715
"30.000 USD Apto de 2/4 en el vedado, Planta baja.",https://www.revolico.com/item/apto-de-24-en-el-vedado-planta-baja-54914222
350.000 USD Casa-Restaurante en el vedado de dos plantas.,https://www.revolico.com/item/casa-restaurante-en-el-vedado-de-dos-plantas-54914362
"30.000 USD Apto de 2 cuartos en el vedado, zona de letras.",https://www.revolico.com/item/apto-de-2-cuartos-en-el-vedado-zona-de-letras-56543547
"50.000 USD Casa de 2/4 en el vedado, Planta baja.",https://www.revolico.com/item/casa-de-24-en-el-vedado-planta-baja-54919849
100.000 USD Cada Independiente en Playa de 3 Cuartos.,https://www.revolico.com/item/cada-independiente-en-playa-de-3-cuartos-54914085
40.000 USD Apto de 3/4 en el vedado con Carpoch.,https://www.revolico.com/item/apto-de-34-en-el-vedado-con-carpoch-56234280
90.000 USD Apto de 3 habitaciones en el vedado con garaje.,https://www.revolico.com/item/apto-de-3-habitaciones-en-el-vedado-con-garaje-55438778
45.000 USD Apto de 2/4 en el vedado con balcón en zona de letras.,https://www.revolico.com/item/apto-de-24-en-el-vedado-con-balcon-56995707
55.000 USD Se vende apto de 4/4 en el vedado con dos baños.,https://www.revolico.com/item/se-vende-apto-de-44-en-el-vedado-con-dos-banos-54913916
5.500 USD LLEGAR Y VIVIR APARTAMENTO,https://www.revolico.com/item/llegar-y-vivir-apartamento-57679704
5.500 USD APARTAMENTO LLEGAR Y VIVIR,https://www.revolico.com/item/apartamento-llegar-y-vivir-57563622
2 USD Impermeable transpirable 54703213,https://www.revolico.com/item/impermeable-transpirable-54703213-54195922
70.000 USD 🚨🏡 ¡OPORTUNIDAD EN PLAYA QUE NO PUEDES DEJAR PASAR! 🏡🚨,https://www.revolico.com/item/oportunidad-en-playa-que-no-puedes-dejar-pasar-57740518
500.000 USD Oportunidad de propiedad en Playa-Reparto Kholy,https://www.revolico.com/item/oportunidad-de-propiedad-en-playa-reparto-kholy-55091827
"33.000 USD Venta de casa en Marianao, zona céntrica",https://www.revolico.com/item/venta-de-casa-en-marianao-zona-centrica-54936140
"46.000 USD Oportunidad de propiedad en San Agustín, La Lisa",https://www.revolico.com/item/oportuno-de-propiedad-en-san-agustin-la-lisa-57466276
"27.000 USD Oportunidad de inmueble en Reparto Lawton,Diez de Octubre",https://www.revolico.com/item/oportunidad-de-inmueble-en-reparto-lawtondiez-de-octubre-57455071
23.000 USD Oportunidad de vivienda en el Sevillano-10 de octubre,https://www.revolico.com/item/oportunidad-de-vivienda-en-el-sevillano-10-de-octubre-55201555
35.000 USD Oportunidad de casa en Playa-Ampliación Almendares,https://www.revolico.com/item/oportunidad-de-casa-en-playa-ampliacion-almensares-54979547
2 USD Anticorrosivo 54703213,https://www.revolico.com/item/anticorrosivo-54703213-54142148
"30.000 USD Oportunidad de propiedad en Playa, avenida 41",https://www.revolico.com/item/oportunidad-de-propiedad-en-playa-55014614
"18.000 USD Oportunidad de inmueble en Lawton, Diez de Octubre",https://www.revolico.com/item/oportunidad-de-inmueble-en-lawton-diez-de-octubre-57455124
23.000 USD Oportunidad de apartamento en Diez de Octubre,https://www.revolico.com/item/oportunidad-de-apartamento-en-diez-de-octubre-56202133
"30.000 USD Venta de propiedad en Marianao, Raparto Finlay",https://www.revolico.com/item/venta-de-propiedad-en-marianao-raparto-finlay-55369787
"70.000 USD Venta de biplanta, decada del 50, Playa",https://www.revolico.com/item/venta-de-biplanta-decada-del-50-playa-54932367
"58.000 USD Oportunidad de inmueble en Arroyo Naranjo, reparto Capri",https://www.revolico.com/item/oportunidad-de-inmueble-en-arroyo-naranjo-reparto-capri-57691460
10.000 USD Oportunidad de propiedad en Playa-Santafe a sólo 4 cuadras de la playa( no entra el mar),https://www.revolico.com/item/oportunidad-de-propiedad-en-playa-santafe-a-solo-4-cuadras-de-la-playa-no-entra-el-mar-55089439
"22.000 USD 🏡✨ ¡APARTAMENTO EN ALTOS EN VENTA – LA CEIBA, PLAYA! ✨🏡",https://www.revolico.com/item/apartamento-en-altos-en-venta-la-ceiba-playa-57463038
80.000 USD 🚨🏗️ ¡ATENCIÓN INVERSIONISTAS! GRAN OPORTUNIDAD EN PLAYA 🏗️🚨,https://www.revolico.com/item/atencion-inversionistas-gran-oportunidad-en-playa-57462905
130.000 USD 🔥🏆 ¡OPORTUNIDAD PARA INVERSIONISTAS! CASA DÚPLEX 🏡,https://www.revolico.com/item/oportunidad-para-inversionistas-casa-duplex-57462713
180.000 USD 🏡🔥 ESPECTACULAR CASA EN VENTA – PLAYA 🔥🏡,https://www.revolico.com/item/espectacular-casa-en-venta-playa-57462562
3.000 USD 🏡🔥 ¡APARTAMENTO EN VENTA EN SAN MIGUEL! 📍,https://www.revolico.com/item/apartamento-en-venta-en-san-miguel-57413335
50.000 USD 🏡🌴 ¡CASA EN VENTA EN PLAYA! 🌊☀️,https://www.revolico.com/item/casa-en-venta-en-playa-57462310
🚨🏠 ¿QUIERES VENDER TU PROPIEDAD MÁS RÁPIDO? 🏠🚨,https://www.revolico.com/item/quieres-vender-tu-propiedad-mas-rapido-57448158
"125.000 USD 🏡🔥 CASA CAPITALISTA EN VENTA – RESIDENCIAL SEVILLANO, 10 DE OCTUBRE",https://www.revolico.com/item/casa-capitalista-en-venta-residencial-sevillano-10-de-octubre-57413226
16.000 USD ¡APARTAMENTO EN VENTA EN ALTURAS DE BELÉN! ✨🏠,https://www.revolico.com/item/apartamento-en-venta-en-alturas-de-belen-57562527
9.000 USD Casa interior,https://www.revolico.com/item/casa-interior-57656431
10.000 USD Apartamento en venta  Capdevila / Haltahabana,https://www.revolico.com/item/apartamento-en-venta-capdevila-haltahabana-56663863
20.000 USD En venta Apto en Guanabo.Precio : 20000 USD. Espacioso y ventilado 1er. piso,https://www.revolico.com/item/en-venta-apto-en-guanaboprecio-20000-usd-espacioso-y-ventilado-1er-piso-57740156
14.000 USD Con un precio de Waoooo 3/4 y 2 baños construcción nueva.,https://www.revolico.com/item/con-un-precio-de-waoooo-34-y-2-banos-construccion-nueva-57613058
60 USD 🏠CASA CAPITALISTA EN SANTO SUÁREZ 10 DE OCTUBRE ‼️,https://www.revolico.com/item/casa-capitalista-en-santo-suarez-10-de-octubre-57739970
25.000 USD CASA INDEPENDIENTE BIPLANTA ALTOS|PLAYA|2/4 y ½|2 BAÑOS|PLACA LIBRE|OPCIÓN DE GARAJE. 5 263_52_58,https://www.revolico.com/item/casa-independiente-biplanta-altosplaya24-y-122-banosplaca-libreopcion-de-garaje-5-263_52_58-38272823
25.000 USD 2 casas en una,https://www.revolico.com/item/2-casas-en-una-57022533
2.000 USD Vendo casita en el reparto Marti pegado al Casino,https://www.revolico.com/item/vendo-casita-en-el-reparto-marti-pegado-al-casino-57415363
48 USD 🏠 MUNICIPIO PLAYA ZONA CÉNTRICA CERCA DE LA AVENIDA 31 llegando a 60,https://www.revolico.com/item/municipio-playa-zona-centrica-cerca-de-la-avenida-31-llegando-a-60-57739819
25.000 USD Casa en venta en centro habana,https://www.revolico.com/item/casa-en-venta-en-centro-habana-56756688
150.000 USD En venta casa con terreno dentro de un condominio  Precio-150 000 USD,https://www.revolico.com/item/en-venta-casa-con-terreno-dentro-de-un-condominio-precio-150-000-usd-57739803
315.000 USD Se venden dos apartamentos en Miramar.,https://www.revolico.com/item/se-venden-dos-apartamentos-en-miramar-57471625
"75.000 USD Se vende apartamento de 3 habitaciones en Miramar, Playa.",https://www.revolico.com/item/se-vende-apartamento-de-3-habitaciones-en-miramar-playa-57114684
25.000 USD Se vende,https://www.revolico.com/item/se-vende-57739785
3.000 USD Apartamento en la Habana Vieja en usufructo,https://www.revolico.com/item/apartamento-en-la-habana-vieja-en-usufructo-55725912
60.000 USD CASA COLONIAL EN 10 DE OCTUBRE EN VENTA.,https://www.revolico.com/item/casa-colonial-en-10-de-octubre-en-venta-57739622
6.500 USD Apto interior en venta 6500 USD. Bajos de un biplanta situada en Cojimar cerca del mar .,https://www.revolico.com/item/apto-interior-en-venta-6500-usd-bajos-de-un-biplanta-situada-en-cojimar-cerca-del-mar-57739552
9.000 USD ¡GANGA! Vendo Apartamento Totalmente Remodelado en El Bahía – 2do Piso en 9000 USD,https://www.revolico.com/item/ganga-vendo-apartamento-totalmente-remodelado-en-el-bahia-2do-piso-en-9000-usd-54013938
"15.000 USD 🏠🔥 APARTAMENTO AMUEBLADO EN VENTA – MULGOBA, BOYEROS",https://www.revolico.com/item/apartamento-amueblado-en-venta-mulgoba-boyeros-55889374
"30.000 USD 🏠🔥 AMPLIA CASA EN VENTA EN LA HABANA VIEJA – 30,000 USD",https://www.revolico.com/item/amplia-casa-en-venta-en-la-habana-vieja-30000-usd-57189847
"20.000 USD 🏠🔥 CASA INDEPENDIENTE EN VENTA – MANTILLA, ARROYO NARANJO",https://www.revolico.com/item/casa-independiente-en-venta-mantilla-arroyo-naranjo-57365533
1.200 USD Se vende local adaptado a vivienda con principio de papeles,https://www.revolico.com/item/se-vende-local-adaptado-a-vivienda-con-principio-de-papeles-57680326
"15.000 USD Casa independiente en Arroyo Naranjo, Los Pinos",https://www.revolico.com/item/casa-independiente-en-arroyo-naranjo-los-pinos-57356772
3.000 USD Casa en Marianao,https://www.revolico.com/item/casa-en-marianao-57356753
12.000 USD Se vende apartamento cerca de la Ciudad Deportiva,https://www.revolico.com/item/se-vende-apartamento-cerca-de-la-ciudad-deportiva-56187001
"61.000 USD Apartamento en venta en Playa, cerca del Parque Monte Barreto",https://www.revolico.com/item/apartamento-en-venta-en-playa-cerca-del-parque-monte-barreto-55408968
11.000 USD 🏠 APARTAMENTO EN VENTA  EN CENTRO HABANA,https://www.revolico.com/item/apartamento-en-venta-en-centro-habana-57068967
60.000 USD 🏡 ¡SE VENDE HERMOSA CASA EN 10 DE OCTUBRE COLONIAL! | 4 CUARTOS Y PATIO CON ÁRBOLES FRUTALES,https://www.revolico.com/item/se-vende-hermosa-casa-en-10-de-octubre-colonial-4-cuartos-y-patio-con-arboles-frutales-57714946
180.000 USD 🏡✨ EXCLUSIVA PROPIEDAD EN EL VEDADO — LA HABANA,https://www.revolico.com/item/exclusiva-propiedad-en-el-vedado-la-habana-57058465
